xa40,xb40,y,Sep,Oct,Aug,Jan,Dec,Jul,Nov,Feb,Apr,Mar,Jun,May,Sat,Tue,Fri,Thu,Wed,Mon,Sun
-7.864528,-1.573068,1,1,0,0,0,0,0,0,0,0,0,0,0,1,0,0,0,0,0,0
-7.864528,-1.433033,1,0,1,0,0,0,0,0,0,0,0,0,0,0,1,0,0,0,0,0
-7.864528,-1.340992,1,0,0,1,0,0,0,0,0,0,0,0,0,0,0,1,0,0,0,0
-7.864528,-1.255987,1,0,0,0,1,0,0,0,0,0,0,0,0,0,0,0,1,0,0,0
-7.864528,-1.137988,1,0,0,0,0,1,0,0,0,0,0,0,0,0,0,0,0,1,0,0
-7.864528,-1.021181,1,1,0,0,0,0,0,0,0,0,0,0,0,0,0,0,0,1,0,0
-7.864528,-0.8682228,1,0,0,0,0,0,1,0,0,0,0,0,0,0,0,0,0,0,1,0
-7.864528,-0.7512271,1,0,0,0,0,0,0,1,0,0,0,0,0,0,0,0,0,1,0,0
-7.864528,-0.5812861,1,0,0,0,0,0,0,0,1,0,0,0,0,0,0,1,0,0,0,0
-7.864528,-0.4495822,1,0,0,0,0,0,0,0,1,0,0,0,0,0,1,0,0,0,0,0
-7.864528,-0.3771334,1,0,0,0,1,0,0,0,0,0,0,0,0,0,0,0,1,0,0,0
-7.864528,-0.3572162,1,0,0,0,0,0,0,0,1,0,0,0,0,0,0,1,0,0,0,0
-7.864528,-0.3304398,1,0,0,0,0,0,0,0,0,1,0,0,0,0,0,0,0,1,0,0
-7.864528,-0.2862099,1,0,0,0,0,1,0,0,0,0,0,0,0,0,1,0,0,0,0,0
-7.864528,-0.332895,1,0,0,0,0,0,0,0,1,0,0,0,0,0,1,0,0,0,0,0
-7.864528,-0.3622049,1,1,0,0,0,0,0,0,0,0,0,0,0,0,0,0,0,0,1,0
-7.864528,-0.3919331,1,0,0,0,0,0,0,1,0,0,0,0,0,0,0,1,0,0,0,0
-7.864528,-0.3805835,1,0,0,0,0,0,0,0,0,0,1,0,0,0,0,0,0,1,0,0
-7.864528,-0.3279213,1,1,0,0,0,0,0,0,0,0,0,0,0,0,0,0,0,0,1,0
-7.864528,-0.3794295,1,0,0,0,0,0,0,0,1,0,0,0,0,0,0,1,0,0,0,0
0.1270521,-0.4367959,1,1,0,0,0,0,0,0,0,0,0,0,0,0,0,0,0,0,0,1
0.1270521,-0.5385553,1,0,0,0,0,0,0,0,1,0,0,0,0,0,0,0,1,0,0,0
0.1270521,-0.5895308,1,0,0,0,0,0,0,0,0,0,0,1,0,0,0,1,0,0,0,0
0.1270521,-0.6339438,1,1,0,0,0,0,0,0,0,0,0,0,0,0,0,0,0,1,0,0
0.1270521,-0.6954559,1,0,0,1,0,0,0,0,0,0,0,0,0,0,1,0,0,0,0,0
0.1270521,-0.6691681,1,0,0,0,0,0,1,0,0,0,0,0,0,0,0,0,0,0,1,0
0.1270521,-0.6773509,1,0,0,0,0,0,0,0,0,0,0,1,0,0,1,0,0,0,0,0
0.1270521,-0.6566843,1,0,0,0,0,1,0,0,0,0,0,0,0,0,0,0,0,1,0,0
0.1270521,-0.6120777,1,0,0,0,0,0,0,0,0,1,0,0,0,0,1,0,0,0,0,0
0.1270521,-0.6042912,1,0,0,0,0,0,0,0,0,0,1,0,0,0,1,0,0,0,0,0
0.1270521,-0.605113,1,0,0,0,0,0,0,0,0,1,0,0,0,0,0,0,0,0,1,0
0.1270521,-0.6277104,1,0,0,0,0,0,0,0,0,1,0,0,0,0,1,0,0,0,0,0
0.1270521,-0.6295759,1,1,0,0,0,0,0,0,0,0,0,0,0,0,0,0,1,0,0,0
0.1270521,-0.6662357,1,0,0,0,0,0,1,0,0,0,0,0,0,0,0,0,0,0,0,1
0.1270521,-0.7217114,1,0,0,0,1,0,0,0,0,0,0,0,0,0,0,1,0,0,0,0
0.1270521,-0.7282855,1,0,0,0,0,0,1,0,0,0,0,0,0,0,0,0,0,0,0,1
0.1270521,-0.7290324,1,0,0,1,0,0,0,0,0,0,0,0,0,0,0,0,0,0,1,0
0.1270521,-0.7358804,1,0,1,0,0,0,0,0,0,0,0,0,0,0,0,0,1,0,0,0
0.1270521,-0.7515759,1,0,0,0,0,0,1,0,0,0,0,0,0,0,0,0,1,0,0,0
0.1270521,-0.7610143,1,0,0,0,0,0,0,0,0,0,0,0,1,0,1,0,0,0,0,0
0.1270521,-0.7490465,1,0,0,0,0,0,0,0,1,0,0,0,0,0,0,0,0,0,0,1
0.1270521,-0.7515658,1,0,0,0,0,0,0,0,0,0,0,0,1,0,0,0,0,0,1,0
0.1270521,-0.7419842,0,0,0,0,1,0,0,0,0,0,0,0,0,0,0,0,0,0,1,0
0.1270521,-0.721131,1,0,1,0,0,0,0,0,0,0,0,0,0,0,0,0,0,0,0,1
0.1270521,-0.6783518,1,1,0,0,0,0,0,0,0,0,0,0,0,0,1,0,0,0,0,0
0.1270521,-0.6620259,0,0,0,0,0,0,0,0,0,1,0,0,0,0,0,0,0,0,0,1
0.1270521,-0.6450181,1,0,0,1,0,0,0,0,0,0,0,0,0,0,0,1,0,0,0,0
0.1270521,-0.5902129,1,0,0,0,1,0,0,0,0,0,0,0,0,1,0,0,0,0,0,0
0.1270521,-0.5408501,1,0,1,0,0,0,0,0,0,0,0,0,0,0,0,1,0,0,0,0
0.1270521,-0.5371917,0,0,0,1,0,0,0,0,0,0,0,0,0,0,0,1,0,0,0,0
0.1270521,-0.6039878,0,0,1,0,0,0,0,0,0,0,0,0,0,1,0,0,0,0,0,0
0.1270521,-0.6034586,0,0,0,0,0,0,0,1,0,0,0,0,0,0,0,0,0,0,0,1
0.1270521,-0.5701408,1,0,0,0,0,0,0,0,0,0,1,0,0,0,0,0,1,0,0,0
0.1270521,-0.5182175,1,1,0,0,0,0,0,0,0,0,0,0,0,0,0,1,0,0,0,0
0.1270521,-0.5003827,0,0,0,0,0,0,0,0,0,0,0,0,1,0,0,0,0,0,1,0
0.1270521,-0.5146223,0,1,0,0,0,0,0,0,0,0,0,0,0,0,1,0,0,0,0,0
0.1270521,-0.4904321,0,0,0,1,0,0,0,0,0,0,0,0,0,0,0,0,0,1,0,0
0.1270521,-0.4278293,0,0,0,0,0,0,0,0,0,0,0,0,1,0,1,0,0,0,0,0
0.1270521,-0.3461859,0,1,0,0,0,0,0,0,0,0,0,0,0,0,0,0,0,0,0,1
0.1270521,-0.3173628,0,0,0,0,0,0,0,0,1,0,0,0,0,0,0,0,1,0,0,0
0.1270521,-0.2872811,0,0,0,0,0,0,0,0,0,0,1,0,0,0,0,0,0,0,1,0
0.1270521,-0.2288034,0,0,0,0,0,0,1,0,0,0,0,0,0,0,1,0,0,0,0,0
0.1270521,-0.1077603,0,0,0,0,0,0,1,0,0,0,0,0,0,0,0,0,0,1,0,0
0.1270521,-0.06359713,0,0,0,0,0,0,0,1,0,0,0,0,0,1,0,0,0,0,0,0
0.1270521,-0.01610766,0,0,0,0,0,0,0,1,0,0,0,0,0,0,0,0,0,0,1,0
0.1270521,0.008241847,0,0,0,0,0,0,0,0,0,1,0,0,0,0,0,0,0,0,0,1
0.1270521,0.0571775,0,0,0,0,1,0,0,0,0,0,0,0,0,0,1,0,0,0,0,0
0.1270521,0.05625665,0,0,0,1,0,0,0,0,0,0,0,0,0,0,0,0,0,0,0,1
0.1270521,0.06778447,0,0,0,0,0,0,0,0,1,0,0,0,0,0,0,0,0,1,0,0
0.1270521,0.09399626,0,0,0,0,0,0,1,0,0,0,0,0,0,0,0,0,0,1,0,0
0.1270521,0.1640566,0,0,0,1,0,0,0,0,0,0,0,0,0,1,0,0,0,0,0,0
0.1270521,0.3047755,0,0,1,0,0,0,0,0,0,0,0,0,0,0,1,0,0,0,0,0
0.1270521,0.4377271,0,0,0,0,0,0,0,0,0,0,0,1,0,0,0,0,1,0,0,0
0.1270521,0.4756074,0,1,0,0,0,0,0,0,0,0,0,0,0,1,0,0,0,0,0,0
0.1270521,0.3891944,0,0,0,1,0,0,0,0,0,0,0,0,0,0,1,0,0,0,0,0
0.1270521,0.3127352,0,0,0,0,0,0,0,0,0,0,0,0,1,0,0,0,0,1,0,0
0.1270521,0.2672673,0,0,0,0,0,0,0,1,0,0,0,0,0,0,0,0,1,0,0,0
0.1270521,0.3234834,0,0,0,0,0,0,0,1,0,0,0,0,0,1,0,0,0,0,0,0
0.1270521,0.3749484,0,0,1,0,0,0,0,0,0,0,0,0,0,0,0,0,0,0,0,1
0.1270521,0.4281674,0,0,1,0,0,0,0,0,0,0,0,0,0,0,0,0,0,0,0,1
0.1270521,0.5311301,0,0,0,0,0,0,0,1,0,0,0,0,0,0,0,0,1,0,0,0
0.1270521,0.6541697,0,0,0,0,1,0,0,0,0,0,0,0,0,0,0,0,0,0,0,1
0.1270521,0.7583329,0,0,0,0,0,0,0,0,1,0,0,0,0,0,0,1,0,0,0,0
0.1270521,0.7788492,0,0,0,0,1,0,0,0,0,0,0,0,0,0,1,0,0,0,0,0
0.1270521,0.8247973,0,1,0,0,0,0,0,0,0,0,0,0,0,1,0,0,0,0,0,0
0.1270521,0.8583611,0,1,0,0,0,0,0,0,0,0,0,0,0,0,0,0,0,0,1,0
0.1270521,0.9542766,0,0,0,0,0,0,0,0,0,0,0,1,0,0,0,1,0,0,0,0
0.1270521,1.088059,0,0,0,0,0,0,0,0,0,0,0,1,0,0,0,0,1,0,0,0
0.1270521,1.262434,0,0,0,0,0,0,0,0,0,0,0,0,1,0,0,0,0,1,0,0
0.1270521,1.383629,0,0,0,0,0,0,0,0,1,0,0,0,0,0,0,0,1,0,0,0
0.1270521,1.396749,0,0,0,0,0,0,0,0,1,0,0,0,0,0,1,0,0,0,0,0
0.1270521,1.240683,0,0,0,0,0,0,1,0,0,0,0,0,0,0,0,0,0,1,0,0
0.1270521,0.9453954,0,0,0,1,0,0,0,0,0,0,0,0,0,0,0,0,0,1,0,0
0.1270521,0.6525357,1,0,0,0,0,1,0,0,0,0,0,0,0,0,0,0,0,0,1,0
0.1270521,0.4088231,1,0,0,0,0,0,1,0,0,0,0,0,0,1,0,0,0,0,0,0
0.1270521,0.2378061,1,0,0,0,0,0,0,0,1,0,0,0,0,0,1,0,0,0,0,0
0.1270521,0.1189859,1,0,0,0,0,0,0,0,1,0,0,0,0,0,0,0,0,1,0,0
0.1270521,0.09513888,1,0,0,0,1,0,0,0,0,0,0,0,0,0,1,0,0,0,0,0
0.1270521,0.08635024,1,0,0,0,0,1,0,0,0,0,0,0,0,0,0,0,1,0,0,0
0.1270521,0.003383267,1,0,0,0,0,0,0,0,0,0,1,0,0,0,0,1,0,0,0,0
0.1270521,-0.1063359,1,0,0,1,0,0,0,0,0,0,0,0,0,0,0,0,0,0,1,0
0.1270521,-0.2038663,1,0,0,0,0,0,0,0,1,0,0,0,0,0,0,0,0,0,0,1
0.1270521,-0.2695435,1,0,0,0,0,1,0,0,0,0,0,0,0,0,0,1,0,0,0,0
0.1270521,-0.3103665,1,0,0,0,1,0,0,0,0,0,0,0,0,0,0,1,0,0,0,0
0.1270521,-0.3575428,1,1,0,0,0,0,0,0,0,0,0,0,0,0,0,0,0,0,0,1
0.1270521,-0.3634762,1,0,0,0,0,0,0,0,0,0,1,0,0,1,0,0,0,0,0,0
0.1270521,-0.3544998,1,0,0,0,0,0,0,0,0,0,0,1,0,0,0,0,0,0,1,0
0.1270521,-0.3640838,1,0,0,0,0,0,0,0,1,0,0,0,0,1,0,0,0,0,0,0
0.1270521,-0.3852991,1,0,0,0,0,0,0,0,0,0,0,0,1,0,1,0,0,0,0,0
0.1270521,-0.4138637,1,0,0,0,0,0,0,0,1,0,0,0,0,0,0,0,0,1,0,0
0.1270521,-0.4533663,1,0,0,0,0,0,0,0,0,0,0,1,0,0,0,1,0,0,0,0
0.1270521,-0.5682932,1,0,0,0,0,1,0,0,0,0,0,0,0,0,0,0,0,0,1,0
0.1270521,-0.6643079,1,0,0,0,0,0,0,0,0,1,0,0,0,0,0,0,1,0,0,0
0.1270521,-0.7090282,1,1,0,0,0,0,0,0,0,0,0,0,0,0,0,0,0,0,1,0
0.1270521,-0.7338564,1,0,0,0,1,0,0,0,0,0,0,0,0,0,0,0,0,0,0,1
0.1270521,-0.7245086,1,0,0,1,0,0,0,0,0,0,0,0,0,1,0,0,0,0,0,0
0.1270521,-0.7018816,1,0,0,0,0,0,0,1,0,0,0,0,0,0,0,0,0,0,0,1
0.1270521,-0.6572081,1,0,0,0,0,1,0,0,0,0,0,0,0,0,0,0,0,0,1,0
0.1270521,-0.6188429,1,0,0,0,0,0,0,1,0,0,0,0,0,0,0,1,0,0,0,0
0.1270521,-0.6038017,1,0,0,0,0,0,0,0,0,0,0,0,1,0,0,0,1,0,0,0
0.1270521,-0.5395435,1,0,0,0,0,0,0,0,0,0,0,1,0,0,0,0,0,0,0,1
0.1270521,-0.4754311,1,0,0,0,0,0,0,0,0,0,1,0,0,0,0,0,0,0,1,0
0.1270521,-0.4395327,1,0,0,0,0,0,0,0,0,0,0,1,0,0,1,0,0,0,0,0
0.1270521,-0.4020253,1,0,0,0,0,0,0,1,0,0,0,0,0,0,0,0,1,0,0,0
0.1270521,-0.3851015,1,0,0,0,1,0,0,0,0,0,0,0,0,0,0,1,0,0,0,0
0.1270521,-0.3965122,1,0,0,0,0,1,0,0,0,0,0,0,0,1,0,0,0,0,0,0
0.1270521,-0.4049578,1,0,0,0,0,1,0,0,0,0,0,0,0,0,1,0,0,0,0,0
0.1270521,-0.3496478,1,0,0,0,0,0,0,1,0,0,0,0,0,0,0,0,1,0,0,0
0.1270521,-0.3087897,1,0,0,0,0,0,0,0,0,0,0,0,1,1,0,0,0,0,0,0
0.1270521,-0.326366,1,0,0,1,0,0,0,0,0,0,0,0,0,0,0,0,0,0,0,1
0.1270521,-0.4193055,1,0,0,0,0,0,0,0,0,0,0,0,1,0,0,1,0,0,0,0
0.1270521,-0.4901707,1,0,0,1,0,0,0,0,0,0,0,0,0,0,0,0,0,0,0,1
0.1270521,-0.5419001,1,0,0,0,0,0,0,0,0,0,0,1,0,0,0,0,0,1,0,0
0.1270521,-0.5579684,1,0,0,1,0,0,0,0,0,0,0,0,0,0,1,0,0,0,0,0
0.1270521,-0.5657859,1,0,0,0,1,0,0,0,0,0,0,0,0,0,0,0,0,0,1,0
0.1270521,-0.5494006,1,1,0,0,0,0,0,0,0,0,0,0,0,0,0,1,0,0,0,0
0.1270521,-0.4949809,1,1,0,0,0,0,0,0,0,0,0,0,0,0,0,1,0,0,0,0
0.1270521,-0.5001984,1,0,0,0,1,0,0,0,0,0,0,0,0,0,0,1,0,0,0,0
0.1270521,-0.5467506,1,0,0,0,1,0,0,0,0,0,0,0,0,0,0,0,0,0,0,1
0.1270521,-0.5759338,0,0,0,0,0,0,0,0,0,1,0,0,0,0,0,0,0,0,0,1
0.1270521,-0.5849698,0,0,0,0,0,0,0,0,0,1,0,0,0,0,0,0,1,0,0,0
0.1270521,-0.6037486,1,0,0,0,0,0,0,0,1,0,0,0,0,0,0,0,1,0,0,0
0.1270521,-0.6216964,1,0,0,0,0,0,0,0,0,0,1,0,0,0,0,0,1,0,0,0
0.1270521,-0.6355471,0,0,1,0,0,0,0,0,0,0,0,0,0,0,0,1,0,0,0,0
0.1270521,-0.6408232,0,0,0,0,0,0,0,0,0,0,1,0,0,0,1,0,0,0,0,0
0.1270521,-0.6438223,0,0,0,0,0,0,1,0,0,0,0,0,0,0,0,0,1,0,0,0
0.1270521,-0.650291,0,0,0,0,0,0,0,0,0,0,1,0,0,1,0,0,0,0,0,0
0.1270521,-0.6926437,1,0,0,0,0,0,0,1,0,0,0,0,0,0,0,0,0,0,0,1
0.1270521,-0.7465713,0,0,0,0,0,0,0,0,0,1,0,0,0,0,0,0,0,1,0,0
0.1270521,-0.7783742,1,0,0,0,0,0,0,0,0,0,0,1,0,0,0,0,0,1,0,0
0.1270521,-0.8075932,1,0,1,0,0,0,0,0,0,0,0,0,0,0,0,0,0,0,0,1
0.1270521,-0.825116,1,0,1,0,0,0,0,0,0,0,0,0,0,1,0,0,0,0,0,0
0.1270521,-0.8428081,1,0,0,0,0,0,0,0,0,1,0,0,0,0,0,0,0,0,0,1
0.1270521,-0.8505833,0,0,1,0,0,0,0,0,0,0,0,0,0,0,0,0,0,0,1,0
0.1270521,-0.8890951,1,0,0,0,0,0,1,0,0,0,0,0,0,0,0,1,0,0,0,0
0.1270521,-0.9078416,0,0,0,0,0,0,0,0,0,0,0,0,1,0,0,0,0,0,0,1
0.1270521,-0.9298049,0,0,0,0,0,0,0,0,0,0,0,1,0,0,0,0,0,1,0,0
0.1270521,-0.9422634,0,0,0,0,0,0,0,0,1,0,0,0,0,1,0,0,0,0,0,0
0.1270521,-0.9355225,1,0,0,0,0,0,1,0,0,0,0,0,0,0,0,0,0,1,0,0
0.1270521,-0.938876,1,0,0,0,0,0,0,0,1,0,0,0,0,0,1,0,0,0,0,0
0.1270521,-0.8725007,1,0,0,0,0,0,0,1,0,0,0,0,0,0,0,0,0,0,0,1
0.1270521,-0.8597096,1,0,0,0,0,0,0,0,0,0,0,0,1,1,0,0,0,0,0,0
0.1270521,-0.8029741,1,0,0,1,0,0,0,0,0,0,0,0,0,0,0,0,0,0,0,1
0.1270521,-0.8109383,1,0,0,0,0,0,0,0,0,0,0,1,0,0,0,1,0,0,0,0
0.1270521,-0.8001653,1,0,0,0,0,1,0,0,0,0,0,0,0,1,0,0,0,0,0,0
0.1270521,-0.7972887,1,0,0,0,0,1,0,0,0,0,0,0,0,0,0,0,0,0,1,0
0.1270521,-0.7865988,0,0,0,0,0,0,0,0,0,0,1,0,0,0,0,0,0,0,1,0
0.1270521,-0.8091832,1,0,0,0,0,0,0,0,0,1,0,0,0,0,0,0,0,0,0,1
0.1270521,-0.8335409,1,0,0,0,0,1,0,0,0,0,0,0,0,0,0,0,0,0,1,0
0.1270521,-0.8089165,1,0,0,0,0,0,0,0,0,0,1,0,0,0,0,0,1,0,0,0
0.1270521,-0.7644298,0,0,0,0,0,0,0,0,0,1,0,0,0,0,0,0,0,1,0,0
0.1270521,-0.7695088,0,0,0,0,0,0,0,0,0,0,0,0,1,0,1,0,0,0,0,0
0.1270521,-0.8250424,0,1,0,0,0,0,0,0,0,0,0,0,0,0,0,0,0,0,1,0
0.1270521,-0.8857019,0,0,0,0,0,0,0,0,0,0,1,0,0,0,0,0,0,1,0,0
0.1270521,-0.8998866,0,0,0,0,0,0,0,1,0,0,0,0,0,0,0,0,0,0,1,0
0.1270521,-0.8649691,0,0,0,0,0,0,0,0,0,0,0,0,1,1,0,0,0,0,0,0
0.1270521,-0.86114,0,0,0,0,0,0,0,0,0,1,0,0,0,0,0,0,0,1,0,0
0.1270521,-0.8581595,0,0,0,0,0,0,0,0,1,0,0,0,0,1,0,0,0,0,0,0
0.1270521,-0.8421211,0,1,0,0,0,0,0,0,0,0,0,0,0,0,0,0,0,0,1,0
0.1270521,-0.7539862,0,0,0,0,0,0,1,0,0,0,0,0,0,0,0,0,0,0,0,1
0.1270521,-0.7772008,1,0,0,1,0,0,0,0,0,0,0,0,0,0,0,0,0,0,0,1
0.1270521,-0.8012739,0,0,0,0,0,0,0,0,0,1,0,0,0,0,0,0,0,0,0,1
0.1270521,-0.829141,0,0,0,0,1,0,0,0,0,0,0,0,0,1,0,0,0,0,0,0
0.1270521,-0.8295113,1,0,0,0,0,0,0,1,0,0,0,0,0,0,0,0,1,0,0,0
0.1270521,-0.7956789,1,0,0,1,0,0,0,0,0,0,0,0,0,0,0,0,0,0,1,0
0.1270521,-0.8025477,0,0,0,0,0,1,0,0,0,0,0,0,0,0,1,0,0,0,0,0
0.1270521,-0.7520055,0,0,0,0,0,0,0,0,1,0,0,0,0,0,0,0,0,0,1,0
0.1270521,-0.7334312,0,0,0,1,0,0,0,0,0,0,0,0,0,0,1,0,0,0,0,0
0.1270521,-0.7090469,0,0,0,0,0,0,0,0,1,0,0,0,0,1,0,0,0,0,0,0
0.1270521,-0.6344529,0,0,0,0,0,0,0,0,0,0,0,1,0,0,0,0,1,0,0,0
0.1270521,-0.6154356,0,1,0,0,0,0,0,0,0,0,0,0,0,0,0,0,0,1,0,0
0.1270521,-0.5615861,0,0,0,0,0,0,0,0,0,1,0,0,0,0,0,1,0,0,0,0
0.1270521,-0.5746459,0,1,0,0,0,0,0,0,0,0,0,0,0,1,0,0,0,0,0,0
0.1270521,-0.5476019,0,0,0,0,0,0,1,0,0,0,0,0,0,0,0,1,0,0,0,0
0.1270521,-0.4808386,0,0,0,0,0,1,0,0,0,0,0,0,0,0,0,0,1,0,0,0
0.1270521,-0.4702743,0,0,0,0,1,0,0,0,0,0,0,0,0,0,0,1,0,0,0,0
0.1270521,-0.4920056,0,0,1,0,0,0,0,0,0,0,0,0,0,0,0,1,0,0,0,0
0.1270521,-0.5109507,0,1,0,0,0,0,0,0,0,0,0,0,0,0,1,0,0,0,0,0
0.1270521,-0.4254378,0,0,0,0,0,0,1,0,0,0,0,0,0,0,1,0,0,0,0,0
0.1270521,-0.3491849,0,1,0,0,0,0,0,0,0,0,0,0,0,1,0,0,0,0,0,0
0.1270521,-0.3551863,0,0,0,1,0,0,0,0,0,0,0,0,0,0,0,0,0,0,1,0
0.1270521,-0.4055436,0,0,0,0,1,0,0,0,0,0,0,0,0,0,0,0,0,0,0,1
0.1270521,-0.4291981,0,1,0,0,0,0,0,0,0,0,0,0,0,0,1,0,0,0,0,0
0.1270521,-0.4285085,0,0,0,1,0,0,0,0,0,0,0,0,0,1,0,0,0,0,0,0
0.1270521,-0.4404858,0,0,0,0,0,0,0,0,0,0,0,1,0,0,0,0,0,1,0,0
0.1270521,-0.4850985,0,0,0,0,0,0,0,1,0,0,0,0,0,0,0,1,0,0,0,0
0.1270521,-0.4987842,0,0,0,0,0,0,0,0,0,0,0,0,1,0,0,0,0,0,0,1
0.1270521,-0.5030921,0,0,0,0,0,0,1,0,0,0,0,0,0,0,0,0,1,0,0,0
0.1270521,-0.4909588,0,0,0,0,0,0,0,0,1,0,0,0,0,0,0,0,0,0,1,0
0.1270521,-0.5503436,0,1,0,0,0,0,0,0,0,0,0,0,0,0,0,0,1,0,0,0
0.1270521,-0.5775888,1,0,0,0,0,0,0,1,0,0,0,0,0,0,0,1,0,0,0,0
0.1270521,-0.6333705,0,0,0,0,0,0,0,0,0,0,1,0,0,0,0,0,0,0,1,0
0.1270521,-0.6629099,0,0,0,0,0,0,0,1,0,0,0,0,0,0,0,1,0,0,0,0
0.1270521,-0.66689,0,0,1,0,0,0,0,0,0,0,0,0,0,0,0,0,0,0,1,0
0.1270521,-0.7042922,0,0,0,0,0,0,1,0,0,0,0,0,0,0,0,1,0,0,0,0
0.1270521,-0.7174384,0,0,0,0,0,0,1,0,0,0,0,0,0,0,0,0,0,1,0,0
0.1270521,-0.7266972,1,0,0,0,0,0,0,1,0,0,0,0,0,0,0,0,0,0,0,1
0.1270521,-0.7265026,1,0,1,0,0,0,0,0,0,0,0,0,0,1,0,0,0,0,0,0
0.1270521,-0.6682012,1,0,0,0,0,0,0,0,1,0,0,0,0,0,1,0,0,0,0,0
0.1270521,-0.6976048,1,0,0,0,0,0,0,0,0,1,0,0,0,0,0,0,1,0,0,0
0.1270521,-0.7057617,0,0,1,0,0,0,0,0,0,0,0,0,0,0,0,0,0,1,0,0
0.1270521,-0.7348407,0,0,0,0,0,0,0,0,1,0,0,0,0,0,0,0,1,0,0,0
0.1270521,-0.6807775,0,0,0,0,0,0,0,0,0,0,0,0,1,0,0,0,0,1,0,0
0.1270521,-0.6208755,0,0,0,0,0,0,0,0,0,0,0,1,0,1,0,0,0,0,0,0
0.1270521,-0.6075781,0,0,0,0,1,0,0,0,0,0,0,0,0,0,0,0,1,0,0,0
0.1270521,-0.5410118,0,0,0,0,0,0,0,0,0,0,0,0,1,0,0,0,1,0,0,0
0.1270521,-0.5033602,0,0,0,0,0,1,0,0,0,0,0,0,0,1,0,0,0,0,0,0
0.1270521,-0.4518804,0,0,0,0,0,0,1,0,0,0,0,0,0,0,0,1,0,0,0,0
0.1270521,-0.3904305,0,0,0,0,0,0,0,0,0,1,0,0,0,1,0,0,0,0,0,0
0.1270521,-0.3515711,0,0,0,0,0,0,0,0,0,1,0,0,0,0,0,0,0,1,0,0
0.1270521,-0.2592818,0,0,0,1,0,0,0,0,0,0,0,0,0,0,0,0,0,0,0,1
0.1270521,-0.1773917,0,0,0,0,0,0,0,0,0,0,1,0,0,0,1,0,0,0,0,0
0.1270521,-0.09726553,0,0,0,0,0,1,0,0,0,0,0,0,0,0,0,0,0,1,0,0
0.1270521,-0.06938344,0,0,0,0,0,0,0,0,0,0,1,0,0,0,0,1,0,0,0,0
0.1270521,-0.07681128,0,0,0,1,0,0,0,0,0,0,0,0,0,0,0,0,0,0,0,1
0.1270521,-0.1041198,0,0,0,0,0,1,0,0,0,0,0,0,0,0,1,0,0,0,0,0
0.1270521,-0.1344082,0,0,0,0,0,0,0,0,0,0,0,0,1,0,0,1,0,0,0,0
0.1270521,-0.1123439,0,0,1,0,0,0,0,0,0,0,0,0,0,0,1,0,0,0,0,0
0.1270521,-0.06199588,0,1,0,0,0,0,0,0,0,0,0,0,0,0,0,0,0,0,1,0
0.1270521,-0.02888029,0,0,0,0,1,0,0,0,0,0,0,0,0,0,1,0,0,0,0,0
0.1270521,0.04966658,0,0,0,0,0,0,0,0,1,0,0,0,0,0,1,0,0,0,0,0
0.1270521,0.1607432,0,0,0,0,0,0,0,0,0,0,0,1,0,0,0,0,0,0,0,1
0.1270521,0.2463109,0,0,0,0,1,0,0,0,0,0,0,0,0,0,0,0,0,1,0,0
0.1270521,0.2794657,0,0,0,0,0,0,1,0,0,0,0,0,0,0,0,0,0,0,1,0
0.1270521,0.2601307,0,0,0,0,0,0,0,0,0,0,1,0,0,1,0,0,0,0,0,0
0.1270521,0.2428239,0,0,1,0,0,0,0,0,0,0,0,0,0,0,0,0,1,0,0,0
0.1270521,0.2072654,0,0,0,0,1,0,0,0,0,0,0,0,0,0,0,0,0,1,0,0
0.1270521,0.1839215,0,0,0,0,0,0,0,1,0,0,0,0,0,0,0,0,0,1,0,0
0.1270521,0.1789179,0,0,0,0,0,0,0,0,0,1,0,0,0,0,0,0,1,0,0,0
0.1270521,0.1780289,0,0,0,0,0,0,0,0,0,0,0,0,1,0,0,0,0,0,1,0
0.1270521,0.161177,0,0,0,0,0,1,0,0,0,0,0,0,0,0,0,0,0,1,0,0
0.1270521,0.1004095,0,0,1,0,0,0,0,0,0,0,0,0,0,0,0,0,0,0,0,1
0.1270521,0.001291171,0,0,0,0,0,0,1,0,0,0,0,0,0,0,0,0,0,0,1,0
0.1270521,-0.0745374,0,0,0,0,0,1,0,0,0,0,0,0,0,0,0,0,0,0,0,1
0.1270521,-0.1320228,0,0,1,0,0,0,0,0,0,0,0,0,0,0,0,0,0,1,0,0
0.1270521,-0.170427,0,0,0,0,0,1,0,0,0,0,0,0,0,0,0,0,0,0,1,0
0.1270521,-0.1477386,0,0,0,0,0,0,0,0,0,0,0,0,1,0,0,1,0,0,0,0
0.1270521,-0.02580264,0,0,0,0,0,0,0,0,0,0,0,0,1,0,1,0,0,0,0,0
0.1270521,0.1120763,0,0,0,0,1,0,0,0,0,0,0,0,0,0,0,0,1,0,0,0
0.1270521,0.2603081,0,0,0,0,0,0,0,0,1,0,0,0,0,0,0,0,0,0,1,0
0.1270521,0.3349908,0,0,0,0,0,1,0,0,0,0,0,0,0,0,0,1,0,0,0,0
0.1270521,0.3434018,0,0,0,0,1,0,0,0,0,0,0,0,0,1,0,0,0,0,0,0
0.1270521,0.30263,0,0,0,0,0,0,0,1,0,0,0,0,0,0,1,0,0,0,0,0
0.1270521,0.2014178,0,1,0,0,0,0,0,0,0,0,0,0,0,0,0,0,0,1,0,0
0.1270521,0.1169063,0,0,1,0,0,0,0,0,0,0,0,0,0,0,0,0,0,0,0,1
0.1270521,-0.01027876,0,0,0,0,0,0,0,1,0,0,0,0,0,0,0,0,0,0,0,1
0.1270521,-0.1075612,0,0,0,0,0,0,0,0,0,0,0,0,1,0,0,0,0,0,1,0
0.1270521,-0.2205641,0,0,0,0,0,0,0,1,0,0,0,0,0,0,0,0,0,1,0,0
0.1270521,-0.3437396,0,0,0,0,0,0,0,0,0,1,0,0,0,0,0,0,0,0,1,0
0.1270521,-0.4149117,1,0,0,1,0,0,0,0,0,0,0,0,0,1,0,0,0,0,0,0
0.1270521,-0.537953,1,0,0,0,0,0,0,0,0,1,0,0,0,1,0,0,0,0,0,0
0.1270521,-0.6351643,1,1,0,0,0,0,0,0,0,0,0,0,0,0,0,0,0,1,0,0
0.1270521,-0.7096508,1,0,0,0,0,1,0,0,0,0,0,0,0,0,0,0,0,1,0,0
0.1270521,-0.7683298,1,0,0,0,0,0,0,0,0,0,0,1,0,1,0,0,0,0,0,0
0.1270521,-0.7840774,1,0,0,0,0,0,0,0,0,0,0,1,0,0,0,0,0,0,1,0
0.1270521,-0.8244211,1,0,0,0,0,0,0,0,0,0,0,0,1,0,0,0,0,0,0,1
0.1270521,-0.8029249,1,0,1,0,0,0,0,0,0,0,0,0,0,0,0,0,0,0,0,1
0.1270521,-0.7909661,1,0,0,1,0,0,0,0,0,0,0,0,0,0,0,0,0,1,0,0
0.1270521,-0.7765901,0,0,1,0,0,0,0,0,0,0,0,0,0,0,0,0,0,0,1,0
0.1270521,-0.8051418,1,1,0,0,0,0,0,0,0,0,0,0,0,1,0,0,0,0,0,0
0.1270521,-0.8399301,1,0,0,0,1,0,0,0,0,0,0,0,0,0,1,0,0,0,0,0
0.1270521,-0.8714727,1,0,0,0,0,0,0,0,0,0,1,0,0,1,0,0,0,0,0,0
0.1270521,-0.8916295,1,0,0,0,0,0,0,0,0,0,0,0,1,0,0,0,1,0,0,0
0.1270521,-0.9123623,1,0,0,0,0,0,1,0,0,0,0,0,0,0,0,0,0,0,0,1
0.1270521,-0.9093744,1,0,1,0,0,0,0,0,0,0,0,0,0,0,1,0,0,0,0,0
0.1270521,-0.8784584,1,0,0,0,0,0,0,0,1,0,0,0,0,0,0,0,0,0,1,0
0.1270521,-0.8234839,0,0,0,0,0,0,1,0,0,0,0,0,0,0,1,0,0,0,0,0
0.1270521,-0.79774,0,0,0,0,0,0,0,0,1,0,0,0,0,0,0,0,0,0,1,0
0.1270521,-0.7396313,0,0,0,0,0,1,0,0,0,0,0,0,0,0,0,0,0,0,1,0
0.1270521,-0.674616,1,1,0,0,0,0,0,0,0,0,0,0,0,1,0,0,0,0,0,0
0.1270521,-0.6166951,0,0,0,0,0,0,0,0,0,0,0,0,1,0,0,0,0,0,1,0
0.1270521,-0.558502,0,0,0,0,0,0,0,0,0,1,0,0,0,0,0,0,0,1,0,0
0.1270521,-0.4944918,0,0,0,0,0,0,0,0,0,1,0,0,0,0,0,0,0,0,0,1
0.1270521,-0.4303618,0,0,0,0,1,0,0,0,0,0,0,0,0,1,0,0,0,0,0,0
0.1270521,-0.3768678,0,0,0,0,1,0,0,0,0,0,0,0,0,0,0,0,0,1,0,0
0.1270521,-0.3052114,0,0,0,0,0,0,0,0,0,0,0,1,0,0,0,1,0,0,0,0
0.1270521,-0.2199373,0,0,0,0,0,0,1,0,0,0,0,0,0,0,0,0,0,1,0,0
0.1270521,-0.171111,0,0,0,0,0,0,0,0,0,0,0,1,0,0,0,1,0,0,0,0
0.1270521,-0.09301108,0,0,0,0,0,0,0,0,0,0,0,1,0,0,0,1,0,0,0,0
0.1270521,-0.002397475,0,0,0,0,0,0,1,0,0,0,0,0,0,0,0,0,1,0,0,0
0.1270521,0.1035578,0,0,1,0,0,0,0,0,0,0,0,0,0,0,0,0,0,0,0,1
0.1270521,0.2047698,0,0,0,0,0,1,0,0,0,0,0,0,0,0,0,1,0,0,0,0
0.1270521,0.2820763,0,0,0,0,0,0,0,0,1,0,0,0,0,0,0,0,0,0,1,0
0.1270521,0.4441475,0,0,0,0,0,0,0,0,0,0,0,1,0,0,1,0,0,0,0,0
0.1270521,0.5909513,0,0,0,1,0,0,0,0,0,0,0,0,0,0,0,0,0,0,1,0
0.1270521,0.7050752,0,0,0,0,0,0,0,0,0,0,0,1,0,0,0,0,0,0,1,0
0.1270521,0.6768772,0,0,0,0,1,0,0,0,0,0,0,0,0,0,0,0,0,0,1,0
0.1270521,0.6128009,0,0,0,0,0,0,1,0,0,0,0,0,0,0,1,0,0,0,0,0
0.1270521,0.5647673,0,0,0,0,0,1,0,0,0,0,0,0,0,0,0,0,0,0,1,0
0.1270521,0.5125096,0,0,0,0,0,1,0,0,0,0,0,0,0,0,0,0,0,1,0,0
0.1270521,0.4147585,0,0,0,0,1,0,0,0,0,0,0,0,0,0,0,0,0,0,1,0
0.1270521,0.2792053,0,0,1,0,0,0,0,0,0,0,0,0,0,0,0,0,1,0,0,0
0.1270521,0.1912618,0,0,0,0,0,1,0,0,0,0,0,0,0,1,0,0,0,0,0,0
0.1270521,0.1494908,0,1,0,0,0,0,0,0,0,0,0,0,0,0,0,0,0,1,0,0
0.1270521,0.1234266,0,0,0,0,0,0,0,0,0,1,0,0,0,0,0,0,0,1,0,0
0.1270521,0.07966546,0,0,0,0,0,0,0,0,0,1,0,0,0,0,0,0,0,1,0,0
0.1270521,-0.04813967,0,0,0,0,0,0,0,0,0,0,0,1,0,0,0,0,0,0,1,0
0.1270521,-0.1348212,0,0,0,0,0,0,1,0,0,0,0,0,0,1,0,0,0,0,0,0
0.1270521,-0.1866667,0,0,0,0,1,0,0,0,0,0,0,0,0,0,0,0,1,0,0,0
0.1270521,-0.2029979,0,0,0,0,0,0,1,0,0,0,0,0,0,1,0,0,0,0,0,0
0.1270521,-0.2765144,0,0,0,0,0,0,0,0,0,1,0,0,0,0,1,0,0,0,0,0
0.1270521,-0.344744,0,0,0,0,0,0,0,1,0,0,0,0,0,0,0,0,0,0,1,0
0.1270521,-0.3854471,0,0,0,1,0,0,0,0,0,0,0,0,0,0,0,1,0,0,0,0
0.1270521,-0.4039974,0,0,1,0,0,0,0,0,0,0,0,0,0,0,0,0,0,0,1,0
0.1270521,-0.4458812,0,0,1,0,0,0,0,0,0,0,0,0,0,1,0,0,0,0,0,0
0.1270521,-0.5211767,0,0,1,0,0,0,0,0,0,0,0,0,0,0,0,0,0,0,0,1
0.1270521,-0.6424842,0,0,0,0,0,0,0,0,0,0,0,0,1,0,0,0,0,0,1,0
0.1270521,-0.7357735,0,0,0,1,0,0,0,0,0,0,0,0,0,1,0,0,0,0,0,0
0.1270521,-0.799588,0,0,0,0,0,0,0,0,0,0,1,0,0,0,0,0,0,1,0,0
0.1270521,-0.8758984,0,0,0,0,0,1,0,0,0,0,0,0,0,0,0,1,0,0,0,0
0.1270521,-0.9564997,0,0,1,0,0,0,0,0,0,0,0,0,0,0,0,0,1,0,0,0
0.1270521,-1.012944,0,0,0,0,0,0,0,0,0,1,0,0,0,0,0,0,1,0,0,0
0.1270521,-1.04542,0,0,0,0,0,0,0,1,0,0,0,0,0,0,1,0,0,0,0,0
0.1270521,-1.047579,0,0,0,0,0,0,0,0,0,0,0,0,1,0,0,0,1,0,0,0
0.1270521,-1.075056,0,0,1,0,0,0,0,0,0,0,0,0,0,0,0,0,0,0,1,0
0.1270521,-1.12279,1,0,0,0,1,0,0,0,0,0,0,0,0,0,0,0,1,0,0,0
0.1270521,-1.169153,1,0,0,0,0,1,0,0,0,0,0,0,0,0,0,0,0,0,1,0
0.1270521,-1.201909,1,0,0,0,0,0,0,0,0,0,0,0,1,0,0,0,0,0,0,1
0.1270521,-1.175415,1,0,0,0,0,0,0,0,0,1,0,0,0,0,0,0,0,0,1,0
0.1270521,-1.191826,1,0,0,0,0,0,0,0,0,1,0,0,0,0,0,0,0,1,0,0
0.1270521,-1.204026,1,0,0,0,0,1,0,0,0,0,0,0,0,0,0,0,0,0,1,0
0.1270521,-1.191986,1,0,0,0,0,0,0,0,0,1,0,0,0,1,0,0,0,0,0,0
0.1270521,-1.184206,1,0,0,0,0,0,0,0,0,0,1,0,0,0,0,0,0,0,1,0
0.1270521,-1.162088,1,0,1,0,0,0,0,0,0,0,0,0,0,0,1,0,0,0,0,0
0.1270521,-1.170494,1,0,0,0,0,0,0,0,0,1,0,0,0,0,0,0,0,0,0,1
0.1270521,-1.158666,1,0,0,0,0,0,1,0,0,0,0,0,0,1,0,0,0,0,0,0
0.1270521,-1.132073,1,0,0,0,0,0,0,0,0,1,0,0,0,0,0,0,0,0,0,1
0.1270521,-1.103804,1,1,0,0,0,0,0,0,0,0,0,0,0,0,0,0,0,0,1,0
0.1270521,-1.075812,1,0,0,0,0,0,0,0,0,1,0,0,0,0,0,0,0,1,0,0
0.1270521,-1.053672,1,0,0,0,0,0,0,1,0,0,0,0,0,0,0,0,0,0,0,1
0.1270521,-1.028715,0,0,0,0,0,0,0,0,0,0,1,0,0,0,0,0,0,0,1,0
0.1270521,-0.9577219,0,0,0,0,0,0,0,0,0,0,0,0,1,1,0,0,0,0,0,0
0.1270521,-0.919102,0,0,0,1,0,0,0,0,0,0,0,0,0,1,0,0,0,0,0,0
0.1270521,-0.8654501,0,0,0,0,1,0,0,0,0,0,0,0,0,1,0,0,0,0,0,0
0.1270521,-0.8417255,0,0,0,0,0,0,0,0,0,0,0,1,0,0,0,0,0,0,0,1
0.1270521,-0.8140167,0,0,0,0,0,0,0,0,0,0,0,0,1,0,0,0,0,0,0,1
0.1270521,-0.7804706,0,1,0,0,0,0,0,0,0,0,0,0,0,0,0,0,0,0,1,0
0.1270521,-0.7451892,0,0,0,0,0,0,0,0,1,0,0,0,0,0,0,1,0,0,0,0
0.1270521,-0.7549549,0,0,0,0,0,1,0,0,0,0,0,0,0,0,0,0,0,1,0,0
0.1270521,-0.8232183,0,0,0,0,0,0,0,0,0,0,1,0,0,0,0,0,1,0,0,0
0.1270521,-0.9001918,0,0,1,0,0,0,0,0,0,0,0,0,0,0,0,0,1,0,0,0
0.1270521,-0.9527216,0,0,0,0,1,0,0,0,0,0,0,0,0,0,1,0,0,0,0,0
0.1270521,-0.973839,0,0,0,0,0,0,0,0,0,0,0,1,0,0,0,0,0,0,0,1
0.1270521,-1.010855,0,0,0,0,0,0,0,0,0,1,0,0,0,0,0,0,0,1,0,0
0.1270521,-1.027955,0,0,0,0,0,0,0,0,0,0,0,0,1,0,1,0,0,0,0,0
0.1270521,-1.016619,0,0,0,0,0,0,0,1,0,0,0,0,0,0,0,0,0,0,1,0
0.1270521,-0.9822606,0,0,0,0,0,0,0,0,0,0,1,0,0,0,0,0,0,0,1,0
0.1270521,-0.937725,0,0,0,0,0,0,0,0,0,0,0,0,1,0,0,0,0,0,0,1
0.1270521,-0.9489619,0,0,0,0,0,0,0,0,0,0,0,1,0,0,1,0,0,0,0,0
0.1270521,-0.9893494,0,0,0,0,0,0,0,0,0,0,0,1,0,0,0,0,0,0,1,0
0.1270521,-1.022138,0,0,0,0,0,1,0,0,0,0,0,0,0,0,1,0,0,0,0,0
0.1270521,-1.043678,0,0,0,0,0,0,0,0,0,0,0,0,1,0,0,0,1,0,0,0
0.1270521,-1.057005,0,0,0,0,0,0,0,0,0,0,1,0,0,1,0,0,0,0,0,0
0.1270521,-1.054252,0,0,0,0,0,0,0,0,1,0,0,0,0,0,0,0,0,1,0,0
0.1270521,-1.07866,0,0,0,0,1,0,0,0,0,0,0,0,0,0,0,0,0,1,0,0
0.1270521,-1.078888,0,0,0,0,0,0,0,0,0,0,0,0,1,0,0,0,0,1,0,0
0.1270521,-1.137388,0,0,0,0,0,0,1,0,0,0,0,0,0,1,0,0,0,0,0,0
0.1270521,-1.153531,0,0,0,0,0,0,1,0,0,0,0,0,0,0,0,0,0,1,0,0
0.1270521,-1.184954,0,1,0,0,0,0,0,0,0,0,0,0,0,1,0,0,0,0,0,0
0.1270521,-1.204087,0,0,0,0,0,1,0,0,0,0,0,0,0,0,0,0,1,0,0,0
0.1270521,-1.195499,0,0,0,1,0,0,0,0,0,0,0,0,0,0,0,0,0,0,1,0
0.1270521,-1.212073,0,0,0,1,0,0,0,0,0,0,0,0,0,0,0,1,0,0,0,0
0.1270521,-1.18526,0,0,0,0,0,0,0,0,1,0,0,0,0,1,0,0,0,0,0,0
0.1270521,-1.16242,0,0,0,0,0,0,0,1,0,0,0,0,0,0,0,1,0,0,0,0
0.1270521,-1.145303,0,1,0,0,0,0,0,0,0,0,0,0,0,0,0,1,0,0,0,0
0.1270521,-1.153133,0,1,0,0,0,0,0,0,0,0,0,0,0,1,0,0,0,0,0,0
0.1270521,-1.149831,0,0,0,0,0,0,0,0,0,0,0,0,1,0,0,0,0,0,0,1
0.1270521,-1.139202,0,0,0,0,0,0,0,0,0,0,0,1,0,0,0,0,0,0,1,0
0.1270521,-1.127263,0,0,0,0,1,0,0,0,0,0,0,0,0,0,0,0,0,0,1,0
0.1270521,-1.14675,0,0,0,1,0,0,0,0,0,0,0,0,0,0,0,0,0,0,0,1
0.1270521,-1.169851,0,0,0,0,1,0,0,0,0,0,0,0,0,0,1,0,0,0,0,0
0.1270521,-1.181099,0,0,0,0,0,0,0,0,0,0,0,0,1,0,0,0,1,0,0,0
0.1270521,-1.16328,0,0,0,0,0,0,0,0,0,0,1,0,0,1,0,0,0,0,0,0
0.1270521,-1.187525,1,1,0,0,0,0,0,0,0,0,0,0,0,1,0,0,0,0,0,0
0.1270521,-1.235194,1,0,0,0,0,1,0,0,0,0,0,0,0,0,0,0,0,1,0,0
0.1270521,-1.242223,1,0,0,0,0,0,0,0,0,1,0,0,0,0,0,1,0,0,0,0
0.1270521,-1.242194,1,0,0,0,1,0,0,0,0,0,0,0,0,0,1,0,0,0,0,0
0.1270521,-1.236135,1,1,0,0,0,0,0,0,0,0,0,0,0,0,0,0,1,0,0,0
0.1270521,-1.249959,0,0,0,0,1,0,0,0,0,0,0,0,0,0,0,0,0,0,0,1
0.1270521,-1.252312,0,0,0,0,0,0,0,0,0,0,0,0,1,0,0,0,1,0,0,0
0.1270521,-1.256734,0,0,0,0,0,0,1,0,0,0,0,0,0,1,0,0,0,0,0,0
0.1270521,-1.240973,0,0,0,0,0,0,0,0,0,1,0,0,0,0,0,0,0,1,0,0
0.1270521,-1.223622,0,0,0,0,0,0,0,1,0,0,0,0,0,0,0,1,0,0,0,0
0.1270521,-1.231789,0,0,1,0,0,0,0,0,0,0,0,0,0,0,0,1,0,0,0,0
0.1270521,-1.220098,0,0,1,0,0,0,0,0,0,0,0,0,0,0,0,0,0,0,0,1
0.1270521,-1.203612,0,0,1,0,0,0,0,0,0,0,0,0,0,0,0,0,0,0,0,1
0.1270521,-1.172473,0,0,0,0,0,0,0,0,0,0,1,0,0,0,1,0,0,0,0,0
0.1270521,-1.130588,0,0,1,0,0,0,0,0,0,0,0,0,0,0,1,0,0,0,0,0
0.1270521,-1.102139,0,0,0,0,0,0,0,0,0,0,0,0,1,1,0,0,0,0,0,0
0.1270521,-1.093042,0,0,0,1,0,0,0,0,0,0,0,0,0,0,0,0,0,1,0,0
0.1270521,-1.080111,0,0,0,0,1,0,0,0,0,0,0,0,0,0,0,0,0,0,1,0
0.1270521,-1.036644,0,0,0,0,0,0,0,0,0,0,0,0,1,1,0,0,0,0,0,0
0.1270521,-1.046849,0,0,0,0,0,0,0,0,1,0,0,0,0,0,0,0,0,0,0,1
0.1270521,-1.06344,0,0,0,0,0,0,0,0,0,0,1,0,0,0,0,0,0,1,0,0
0.1270521,-1.054124,0,0,0,0,0,0,0,0,0,0,1,0,0,0,0,0,0,1,0,0
0.1270521,-0.9931833,0,0,0,1,0,0,0,0,0,0,0,0,0,0,0,0,0,1,0,0
0.1270521,-0.9457085,0,0,1,0,0,0,0,0,0,0,0,0,0,0,1,0,0,0,0,0
0.1270521,-0.9427466,0,1,0,0,0,0,0,0,0,0,0,0,0,0,1,0,0,0,0,0
0.1270521,-0.9422854,0,0,0,0,1,0,0,0,0,0,0,0,0,0,0,0,0,0,0,1
0.1270521,-0.9357597,0,0,0,0,0,0,0,0,0,0,0,1,0,0,0,1,0,0,0,0
0.1270521,-0.8902691,0,0,0,0,0,0,0,0,0,0,1,0,0,0,0,0,0,0,0,1
0.1270521,-0.8730588,0,0,0,0,0,0,1,0,0,0,0,0,0,0,0,0,0,1,0,0
0.1270521,-0.8720437,0,0,0,0,0,0,0,0,0,1,0,0,0,0,1,0,0,0,0,0
0.1270521,-0.849837,0,0,0,0,0,0,0,0,1,0,0,0,0,0,1,0,0,0,0,0
0.1270521,-0.8082151,0,0,0,0,0,0,0,0,0,1,0,0,0,0,0,0,1,0,0,0
0.1270521,-0.7940961,0,0,0,0,1,0,0,0,0,0,0,0,0,0,0,1,0,0,0,0
0.1270521,-0.7803,0,0,0,1,0,0,0,0,0,0,0,0,0,0,0,0,0,0,1,0
0.1270521,-0.7908457,0,0,0,0,0,0,0,0,0,0,0,1,0,0,0,1,0,0,0,0
0.1270521,-0.7742201,0,0,0,0,0,1,0,0,0,0,0,0,0,0,0,1,0,0,0,0
0.1270521,-0.7417516,0,0,0,0,0,1,0,0,0,0,0,0,0,0,0,0,0,1,0,0
0.1270521,-0.6519473,0,0,0,0,0,1,0,0,0,0,0,0,0,0,0,0,0,1,0,0
0.1270521,-0.5949122,0,0,0,0,0,0,0,0,0,0,1,0,0,0,0,0,0,0,1,0
0.1270521,-0.536686,0,0,0,0,0,0,1,0,0,0,0,0,0,0,1,0,0,0,0,0
0.1270521,-0.4926783,0,0,0,0,0,0,0,0,0,0,0,1,0,0,0,0,0,0,0,1
0.1270521,-0.4556011,0,1,0,0,0,0,0,0,0,0,0,0,0,0,1,0,0,0,0,0
0.1270521,-0.4312105,0,0,0,0,1,0,0,0,0,0,0,0,0,0,0,0,0,0,1,0
0.1270521,-0.4546835,0,0,0,0,0,0,0,0,1,0,0,0,0,0,1,0,0,0,0,0
0.1270521,-0.4690597,0,0,0,0,0,0,0,0,0,0,0,0,1,0,0,0,1,0,0,0
0.1270521,-0.4697879,0,0,0,0,0,1,0,0,0,0,0,0,0,0,0,1,0,0,0,0
0.1270521,-0.4648611,0,1,0,0,0,0,0,0,0,0,0,0,0,0,0,0,0,0,1,0
0.1270521,-0.5053238,0,0,0,0,0,0,0,0,0,0,0,0,1,1,0,0,0,0,0,0
0.1270521,-0.5625621,0,0,0,0,0,0,1,0,0,0,0,0,0,0,0,0,1,0,0,0
0.1270521,-0.5478811,0,0,0,0,0,1,0,0,0,0,0,0,0,0,0,0,1,0,0,0
0.1270521,-0.5195133,0,0,0,0,0,0,0,0,1,0,0,0,0,0,1,0,0,0,0,0
0.1270521,-0.487038,0,0,0,1,0,0,0,0,0,0,0,0,0,0,0,0,0,0,0,1
0.1270521,-0.4603093,0,0,0,0,1,0,0,0,0,0,0,0,0,0,0,0,1,0,0,0
0.1270521,-0.4521463,0,0,0,0,0,0,0,0,0,0,0,0,1,0,1,0,0,0,0,0
0.1270521,-0.4290922,0,0,0,0,1,0,0,0,0,0,0,0,0,0,0,1,0,0,0,0
0.1270521,-0.4105094,0,0,0,0,1,0,0,0,0,0,0,0,0,0,0,0,0,1,0,0
0.1270521,-0.3796738,0,0,0,1,0,0,0,0,0,0,0,0,0,0,0,0,0,1,0,0
0.1270521,-0.3679905,0,0,0,1,0,0,0,0,0,0,0,0,0,0,0,0,0,0,0,1
0.1270521,-0.3667633,0,0,0,0,0,1,0,0,0,0,0,0,0,0,0,0,1,0,0,0
0.1270521,-0.3906395,0,0,0,0,0,0,0,0,0,0,0,1,0,0,0,0,1,0,0,0
0.1270521,-0.4067903,0,0,0,0,0,0,0,0,0,1,0,0,0,0,1,0,0,0,0,0
0.1270521,-0.3892266,0,1,0,0,0,0,0,0,0,0,0,0,0,1,0,0,0,0,0,0
0.1270521,-0.3903269,0,0,0,0,1,0,0,0,0,0,0,0,0,0,0,0,0,0,0,1
0.1270521,-0.4696396,0,0,1,0,0,0,0,0,0,0,0,0,0,0,0,0,0,1,0,0
0.1270521,-0.5334477,0,0,0,0,0,0,0,0,0,0,0,0,1,0,0,0,0,1,0,0
0.1270521,-0.547068,1,0,0,0,0,0,0,0,1,0,0,0,0,0,0,0,1,0,0,0
0.1270521,-0.5203646,0,0,0,0,0,0,0,0,0,0,0,1,0,0,0,0,1,0,0,0
0.1270521,-0.5266888,0,0,0,0,0,0,0,0,0,0,0,0,1,0,1,0,0,0,0,0
0.1270521,-0.4941799,0,0,0,0,0,0,0,0,0,0,0,1,0,0,0,0,0,0,0,1
0.1270521,-0.4202416,0,0,1,0,0,0,0,0,0,0,0,0,0,0,0,0,0,0,0,1
0.1270521,-0.3463799,0,0,0,0,0,0,0,1,0,0,0,0,0,0,0,0,1,0,0,0
0.1270521,-0.3381415,0,1,0,0,0,0,0,0,0,0,0,0,0,0,0,0,1,0,0,0
0.1270521,-0.4042984,0,0,0,1,0,0,0,0,0,0,0,0,0,0,0,1,0,0,0,0
0.1270521,-0.427317,0,0,0,0,0,0,0,0,0,1,0,0,0,0,0,0,0,0,0,1
0.1270521,-0.4107504,0,0,0,0,0,1,0,0,0,0,0,0,0,1,0,0,0,0,0,0
0.1270521,-0.40466,0,0,0,0,0,0,0,0,0,0,0,1,0,1,0,0,0,0,0,0
0.1270521,-0.3736193,0,0,0,0,0,1,0,0,0,0,0,0,0,0,0,0,1,0,0,0
0.1270521,-0.3990947,0,0,0,0,0,0,0,0,1,0,0,0,0,0,0,1,0,0,0,0
0.1270521,-0.398792,0,0,1,0,0,0,0,0,0,0,0,0,0,0,0,0,0,1,0,0
0.1270521,-0.4195037,0,0,0,0,0,0,0,0,0,0,1,0,0,0,0,1,0,0,0,0
0.1270521,-0.4152424,1,0,0,1,0,0,0,0,0,0,0,0,0,0,0,0,1,0,0,0
0.1270521,-0.3948331,1,0,0,1,0,0,0,0,0,0,0,0,0,0,0,0,0,0,1,0
0.1270521,-0.4058425,0,0,0,0,0,0,0,0,0,0,1,0,0,0,0,1,0,0,0,0
0.1270521,-0.3501071,0,0,0,0,0,0,0,1,0,0,0,0,0,0,0,1,0,0,0,0
0.1270521,-0.3090215,0,1,0,0,0,0,0,0,0,0,0,0,0,0,0,0,1,0,0,0
0.1270521,-0.202065,0,0,0,0,0,0,0,0,0,1,0,0,0,0,0,1,0,0,0,0
0.1270521,-0.1247611,0,0,0,0,0,0,0,0,0,0,0,0,1,0,0,1,0,0,0,0
0.1270521,-0.0788027,0,0,0,1,0,0,0,0,0,0,0,0,0,0,0,0,0,1,0,0
0.1270521,-0.01786006,0,0,1,0,0,0,0,0,0,0,0,0,0,0,0,0,0,1,0,0
0.1270521,0.02221601,0,0,0,0,0,0,1,0,0,0,0,0,0,1,0,0,0,0,0,0
0.1270521,0.02353887,0,0,0,0,0,0,0,1,0,0,0,0,0,0,1,0,0,0,0,0
0.1270521,-0.05572076,0,0,0,0,0,0,0,0,1,0,0,0,0,0,0,1,0,0,0,0
0.1270521,-0.08045581,0,0,0,0,0,0,0,0,0,0,1,0,0,0,0,1,0,0,0,0
0.1270521,-0.1198426,0,0,0,0,1,0,0,0,0,0,0,0,0,0,0,0,1,0,0,0
0.1270521,-0.1294121,0,0,1,0,0,0,0,0,0,0,0,0,0,0,1,0,0,0,0,0
0.1270521,-0.1757589,0,0,0,0,0,0,1,0,0,0,0,0,0,0,0,0,0,0,1,0
0.1270521,-0.3013943,0,0,0,0,0,0,0,0,0,0,0,1,0,0,0,0,0,0,0,1
0.1270521,-0.4185582,0,0,0,0,0,0,1,0,0,0,0,0,0,0,0,0,0,1,0,0
0.1270521,-0.4829139,0,0,0,0,0,0,0,1,0,0,0,0,0,0,0,0,1,0,0,0
0.1270521,-0.4746558,0,0,0,0,0,0,0,1,0,0,0,0,0,0,1,0,0,0,0,0
0.1270521,-0.4971238,0,0,0,0,0,0,0,0,0,1,0,0,0,0,0,0,0,0,0,1
0.1270521,-0.5261971,1,0,0,0,0,1,0,0,0,0,0,0,0,0,0,0,0,1,0,0
0.1270521,-0.5173287,0,0,0,0,0,0,1,0,0,0,0,0,0,0,0,0,0,0,1,0
0.1270521,-0.5181804,0,0,0,0,0,0,0,1,0,0,0,0,0,0,0,0,0,1,0,0
0.1270521,-0.5412486,0,0,0,0,0,0,0,0,0,0,0,1,0,1,0,0,0,0,0,0
0.1270521,-0.5993259,0,0,0,0,0,0,0,0,1,0,0,0,0,0,1,0,0,0,0,0
0.1270521,-0.6608574,0,0,0,1,0,0,0,0,0,0,0,0,0,1,0,0,0,0,0,0
0.1270521,-0.6936802,0,0,0,0,0,0,0,0,0,0,0,1,0,1,0,0,0,0,0,0
0.1270521,-0.6707002,0,0,0,0,0,0,0,0,0,0,1,0,0,1,0,0,0,0,0,0
0.1270521,-0.6956359,0,0,0,0,0,0,1,0,0,0,0,0,0,0,0,1,0,0,0,0
0.1270521,-0.7061027,0,0,1,0,0,0,0,0,0,0,0,0,0,0,0,0,0,0,1,0
0.1270521,-0.7541392,0,0,0,0,0,0,0,0,1,0,0,0,0,0,0,1,0,0,0,0
0.1270521,-0.8010177,0,0,0,0,0,0,0,0,0,0,1,0,0,0,0,0,0,0,0,1
0.1270521,-0.8392289,0,0,0,0,0,0,0,1,0,0,0,0,0,0,0,0,0,1,0,0
0.1270521,-0.8535994,0,1,0,0,0,0,0,0,0,0,0,0,0,0,0,0,1,0,0,0
0.1270521,-0.8026546,0,0,0,1,0,0,0,0,0,0,0,0,0,0,0,0,1,0,0,0
0.1270521,-0.7787376,0,0,0,0,0,0,0,0,0,1,0,0,0,0,0,0,1,0,0,0
0.1270521,-0.6715338,0,0,1,0,0,0,0,0,0,0,0,0,0,1,0,0,0,0,0,0
0.1270521,-0.5994198,0,0,0,0,0,0,0,1,0,0,0,0,0,0,0,0,1,0,0,0
0.1270521,-0.5693553,0,0,0,0,0,1,0,0,0,0,0,0,0,1,0,0,0,0,0,0
0.1270521,-0.6223038,0,0,0,0,1,0,0,0,0,0,0,0,0,0,1,0,0,0,0,0
0.1270521,-0.6726928,0,1,0,0,0,0,0,0,0,0,0,0,0,0,1,0,0,0,0,0
0.1270521,-0.6836107,0,0,0,0,0,0,1,0,0,0,0,0,0,1,0,0,0,0,0,0
0.1270521,-0.6881281,0,0,0,0,0,0,0,0,0,1,0,0,0,1,0,0,0,0,0,0
0.1270521,-0.7100572,0,0,0,0,0,0,1,0,0,0,0,0,0,0,0,0,0,1,0,0
0.1270521,-0.7605814,1,0,0,0,0,0,0,0,0,0,0,1,0,0,1,0,0,0,0,0
0.1270521,-0.7722972,1,0,0,0,0,0,1,0,0,0,0,0,0,0,0,0,1,0,0,0
0.1270521,-0.7343779,1,0,0,0,0,1,0,0,0,0,0,0,0,1,0,0,0,0,0,0
0.1270521,-0.7298905,1,0,0,0,0,1,0,0,0,0,0,0,0,0,0,0,1,0,0,0
0.1270521,-0.7437438,1,1,0,0,0,0,0,0,0,0,0,0,0,0,0,1,0,0,0,0
0.1270521,-0.8036424,1,0,0,0,0,0,0,0,0,0,0,1,0,0,1,0,0,0,0,0
0.1270521,-0.8448046,1,0,0,0,1,0,0,0,0,0,0,0,0,0,1,0,0,0,0,0
0.1270521,-0.8737779,1,0,0,0,0,0,0,0,0,1,0,0,0,0,0,0,1,0,0,0
0.1270521,-0.885503,1,0,0,0,0,0,0,1,0,0,0,0,0,0,0,1,0,0,0,0
0.1270521,-0.8506645,1,0,0,0,0,0,1,0,0,0,0,0,0,0,0,0,0,1,0,0
0.1270521,-0.8457673,1,0,0,0,0,0,1,0,0,0,0,0,0,0,0,1,0,0,0,0
0.1270521,-0.8276283,0,0,0,0,0,0,0,0,0,0,0,0,1,0,0,0,1,0,0,0
0.1270521,-0.7913903,0,0,0,0,0,0,0,0,0,0,0,0,1,0,0,0,0,1,0,0
0.1270521,-0.7764941,0,0,0,1,0,0,0,0,0,0,0,0,0,0,0,0,0,0,0,1
0.1270521,-0.7769807,0,0,0,0,0,0,0,0,0,0,1,0,0,0,0,0,0,0,1,0
0.1270521,-0.8165477,0,0,0,0,0,0,0,0,0,1,0,0,0,0,1,0,0,0,0,0
0.1270521,-0.8254622,0,0,0,0,0,0,0,1,0,0,0,0,0,0,0,0,0,0,1,0
0.1270521,-0.7952841,0,0,0,0,0,0,0,0,0,1,0,0,0,0,0,0,0,1,0,0
0.1270521,-0.7709373,0,0,0,0,1,0,0,0,0,0,0,0,0,0,0,0,1,0,0,0
0.1270521,-0.7607563,0,1,0,0,0,0,0,0,0,0,0,0,0,0,0,0,0,0,0,1
0.1270521,-0.7511515,0,0,0,1,0,0,0,0,0,0,0,0,0,0,0,0,1,0,0,0
0.1270521,-0.7041745,0,0,1,0,0,0,0,0,0,0,0,0,0,0,1,0,0,0,0,0
0.1270521,-0.6507338,0,0,0,0,0,0,0,0,1,0,0,0,0,0,0,1,0,0,0,0
0.1270521,-0.6672815,0,0,0,0,0,0,1,0,0,0,0,0,0,0,0,0,0,0,1,0
0.1270521,-0.6811185,0,0,0,0,0,0,0,0,0,1,0,0,0,0,0,1,0,0,0,0
0.1270521,-0.6526764,0,0,0,0,0,0,0,0,0,0,1,0,0,0,0,0,0,1,0,0
0.1270521,-0.6021213,0,1,0,0,0,0,0,0,0,0,0,0,0,0,0,0,0,0,0,1
0.1270521,-0.58234,0,0,0,0,0,0,0,1,0,0,0,0,0,0,0,0,0,0,1,0
0.1270521,-0.5806013,0,0,0,0,0,0,0,0,0,0,0,1,0,0,0,1,0,0,0,0
0.1270521,-0.5961495,0,0,0,0,0,0,0,0,0,1,0,0,0,1,0,0,0,0,0,0
0.1270521,-0.5996038,0,0,0,0,0,1,0,0,0,0,0,0,0,0,0,0,0,1,0,0
0.1270521,-0.5772261,0,0,1,0,0,0,0,0,0,0,0,0,0,0,0,0,0,0,1,0
0.1270521,-0.5763965,0,0,0,0,0,0,0,0,0,0,0,0,1,0,1,0,0,0,0,0
0.1270521,-0.5487934,0,0,0,0,0,0,0,1,0,0,0,0,0,0,0,0,1,0,0,0
0.1270521,-0.4899357,0,0,0,1,0,0,0,0,0,0,0,0,0,0,0,0,0,1,0,0
0.1270521,-0.4336474,0,0,0,0,0,0,0,0,0,1,0,0,0,0,0,1,0,0,0,0
0.1270521,-0.4003517,0,0,0,0,0,0,0,0,0,0,1,0,0,0,0,0,0,0,1,0
0.1270521,-0.3773617,0,0,0,0,0,0,0,0,0,0,0,1,0,0,0,0,0,0,1,0
0.1270521,-0.3089433,0,0,0,0,0,0,0,0,0,0,1,0,0,0,0,0,0,1,0,0
0.1270521,-0.2841965,0,0,0,1,0,0,0,0,0,0,0,0,0,0,0,0,0,0,1,0
0.1270521,-0.2826468,0,0,0,0,0,0,0,0,0,0,1,0,0,0,0,0,0,1,0,0
0.1270521,-0.262744,0,0,0,0,0,0,0,0,1,0,0,0,0,0,0,1,0,0,0,0
0.1270521,-0.2266634,0,0,0,0,0,0,1,0,0,0,0,0,0,0,0,0,0,1,0,0
0.1270521,-0.209254,0,0,0,0,0,0,0,0,0,1,0,0,0,0,1,0,0,0,0,0
0.1270521,-0.2434098,0,0,0,0,0,0,0,0,0,0,1,0,0,0,0,0,0,1,0,0
0.1270521,-0.3075887,0,0,0,0,0,0,0,1,0,0,0,0,0,0,1,0,0,0,0,0
0.1270521,-0.3317434,0,0,0,0,0,0,0,0,0,0,0,0,1,0,0,0,0,0,0,1
0.1270521,-0.3008618,0,0,0,0,0,0,0,1,0,0,0,0,0,0,0,1,0,0,0,0
0.1270521,-0.3338975,0,0,0,0,0,0,0,0,0,0,1,0,0,0,1,0,0,0,0,0
0.1270521,-0.3616663,0,0,1,0,0,0,0,0,0,0,0,0,0,0,1,0,0,0,0,0
0.1270521,-0.3981703,0,0,0,0,1,0,0,0,0,0,0,0,0,1,0,0,0,0,0,0
0.1270521,-0.4137027,0,0,0,0,1,0,0,0,0,0,0,0,0,0,0,0,0,0,0,1
0.1270521,-0.4387279,0,0,0,0,0,0,0,0,0,0,0,0,1,0,1,0,0,0,0,0
0.1270521,-0.4571756,0,0,0,0,0,0,0,0,0,0,0,1,0,0,0,0,0,1,0,0
0.1270521,-0.422505,0,0,0,1,0,0,0,0,0,0,0,0,0,0,0,0,0,0,0,1
0.1270521,-0.441952,0,0,0,1,0,0,0,0,0,0,0,0,0,0,0,0,0,0,1,0
0.1270521,-0.4135015,0,0,0,0,0,0,0,0,0,1,0,0,0,0,0,0,1,0,0,0
0.1270521,-0.3829996,0,0,0,0,0,0,1,0,0,0,0,0,0,0,0,0,1,0,0,0
0.1270521,-0.3826786,0,0,0,0,1,0,0,0,0,0,0,0,0,0,0,0,0,0,1,0
0.1270521,-0.4754423,0,1,0,0,0,0,0,0,0,0,0,0,0,0,0,0,0,0,1,0
0.1270521,-0.5483835,0,0,0,0,1,0,0,0,0,0,0,0,0,1,0,0,0,0,0,0
0.1270521,-0.5855504,0,0,0,0,0,0,0,0,0,0,1,0,0,0,0,0,0,1,0,0
0.1270521,-0.56361,0,0,0,0,0,0,1,0,0,0,0,0,0,0,0,0,1,0,0,0
0.1270521,-0.5919477,0,0,0,0,0,0,0,0,0,1,0,0,0,0,0,0,0,1,0,0
0.1270521,-0.598405,0,0,0,0,0,0,1,0,0,0,0,0,0,0,1,0,0,0,0,0
0.1270521,-0.6092542,0,0,0,0,0,0,1,0,0,0,0,0,0,0,0,0,0,0,0,1
0.1270521,-0.586669,0,0,0,0,0,0,0,0,0,0,0,1,0,0,0,1,0,0,0,0
0.1270521,-0.5993924,0,0,0,0,1,0,0,0,0,0,0,0,0,0,0,0,0,0,1,0
0.1270521,-0.6115801,0,1,0,0,0,0,0,0,0,0,0,0,0,1,0,0,0,0,0,0
0.1270521,-0.5929603,0,0,0,0,1,0,0,0,0,0,0,0,0,1,0,0,0,0,0,0
0.1270521,-0.5879059,0,0,0,0,1,0,0,0,0,0,0,0,0,0,0,0,1,0,0,0
0.1270521,-0.5965268,0,0,0,0,0,0,1,0,0,0,0,0,0,0,0,0,0,0,0,1
0.1270521,-0.6044024,0,0,0,0,0,0,0,0,0,1,0,0,0,0,0,0,0,1,0,0
0.1270521,-0.5635422,0,0,0,0,0,0,1,0,0,0,0,0,0,1,0,0,0,0,0,0
0.1270521,-0.604759,0,0,0,0,0,0,0,0,0,1,0,0,0,0,0,1,0,0,0,0
0.1270521,-0.6473535,0,0,0,0,0,0,1,0,0,0,0,0,0,0,0,0,0,0,1,0
0.1270521,-0.6412274,0,0,0,0,0,0,0,1,0,0,0,0,0,0,1,0,0,0,0,0
0.1270521,-0.6210604,0,0,0,0,0,0,0,0,0,0,0,0,1,0,0,0,0,0,0,1
0.1270521,-0.6415714,0,0,0,0,0,0,0,1,0,0,0,0,0,0,0,0,0,0,0,1
0.1270521,-0.6985244,0,1,0,0,0,0,0,0,0,0,0,0,0,0,0,0,0,1,0,0
0.1270521,-0.7108196,0,0,0,0,0,0,0,0,0,0,0,0,1,0,0,1,0,0,0,0
0.1270521,-0.7089367,0,0,0,0,0,0,0,0,0,1,0,0,0,0,0,0,0,0,0,1
0.1270521,-0.7508539,0,0,0,0,0,0,0,0,0,0,0,0,1,0,0,0,1,0,0,0
0.1270521,-0.80356,1,0,0,0,0,0,0,0,0,0,1,0,0,1,0,0,0,0,0,0
0.1270521,-0.8370837,1,0,0,0,0,0,0,0,0,1,0,0,0,0,0,0,1,0,0,0
0.1270521,-0.8436919,1,0,1,0,0,0,0,0,0,0,0,0,0,0,1,0,0,0,0,0
0.1270521,-0.829473,1,0,0,0,0,0,0,0,1,0,0,0,0,0,0,0,0,1,0,0
0.1270521,-0.8528758,1,0,1,0,0,0,0,0,0,0,0,0,0,0,1,0,0,0,0,0
0.1270521,-0.8497258,0,1,0,0,0,0,0,0,0,0,0,0,0,0,0,0,1,0,0,0
0.1270521,-0.8571727,1,0,0,0,0,0,0,1,0,0,0,0,0,0,0,0,0,0,0,1
0.1270521,-0.8382376,1,0,0,0,0,0,0,0,1,0,0,0,0,0,1,0,0,0,0,0
0.1270521,-0.805906,1,0,0,0,0,0,0,0,0,0,1,0,0,1,0,0,0,0,0,0
0.1270521,-0.8015674,0,0,0,0,0,0,0,0,0,0,0,0,1,0,0,0,0,0,0,1
0.1270521,-0.8035786,0,1,0,0,0,0,0,0,0,0,0,0,0,0,0,0,1,0,0,0
0.1270521,-0.8334167,0,0,0,1,0,0,0,0,0,0,0,0,0,0,0,1,0,0,0,0
0.1270521,-0.7997247,0,0,1,0,0,0,0,0,0,0,0,0,0,0,0,0,1,0,0,0
0.1270521,-0.7699555,0,0,0,0,0,0,0,1,0,0,0,0,0,0,0,0,1,0,0,0
0.1270521,-0.760683,0,0,0,0,0,0,0,0,0,0,0,0,1,0,0,0,1,0,0,0
0.1270521,-0.7859945,0,0,0,0,1,0,0,0,0,0,0,0,0,0,0,0,0,1,0,0
0.1270521,-0.7586529,0,0,0,0,1,0,0,0,0,0,0,0,0,0,0,0,0,1,0,0
0.1270521,-0.6956278,0,0,0,0,0,0,0,0,0,0,0,1,0,0,1,0,0,0,0,0
0.1270521,-0.6340217,0,0,0,1,0,0,0,0,0,0,0,0,0,0,1,0,0,0,0,0
0.1270521,-0.6350304,0,0,0,0,0,0,0,0,0,1,0,0,0,1,0,0,0,0,0,0
0.1270521,-0.6343382,0,0,0,0,1,0,0,0,0,0,0,0,0,0,0,0,0,1,0,0
0.1270521,-0.6012786,0,0,0,0,0,0,0,0,0,0,0,0,1,0,0,0,0,0,0,1
0.1270521,-0.5293126,0,0,0,0,0,0,0,0,0,0,0,1,0,0,0,0,1,0,0,0
0.1270521,-0.4609753,1,0,0,0,0,0,1,0,0,0,0,0,0,0,0,0,0,0,0,1
0.1270521,-0.4312046,0,0,0,0,0,0,0,0,0,0,0,1,0,0,0,0,1,0,0,0
0.1270521,-0.3941809,0,0,0,0,0,0,0,0,0,0,0,0,1,0,0,0,0,0,0,1
0.1270521,-0.3663389,0,0,0,0,1,0,0,0,0,0,0,0,0,1,0,0,0,0,0,0
0.1270521,-0.267033,0,0,0,0,0,0,1,0,0,0,0,0,0,0,0,0,0,0,1,0
0.1270521,-0.1895749,0,0,0,1,0,0,0,0,0,0,0,0,0,0,0,0,0,0,1,0
0.1270521,-0.1013872,0,0,0,0,0,0,0,1,0,0,0,0,0,0,0,1,0,0,0,0
0.1270521,-0.05367122,0,0,0,0,0,0,0,0,0,0,0,0,1,0,0,0,0,0,0,1
0.1270521,0.01697781,0,0,0,0,0,0,0,0,0,0,0,1,0,0,0,0,0,0,1,0
0.1270521,0.08940992,0,0,0,0,0,0,0,1,0,0,0,0,0,0,1,0,0,0,0,0
0.1270521,0.1666531,0,0,0,1,0,0,0,0,0,0,0,0,0,1,0,0,0,0,0,0
0.1270521,0.2804629,0,0,0,0,0,0,0,0,0,0,0,1,0,0,0,0,0,0,1,0
0.1270521,0.3986122,0,0,0,0,0,1,0,0,0,0,0,0,0,0,0,0,0,1,0,0
0.1270521,0.5041191,0,1,0,0,0,0,0,0,0,0,0,0,0,0,0,0,0,0,0,1
0.1270521,0.5689466,0,0,0,0,0,0,0,0,0,0,0,1,0,0,0,0,0,1,0,0
0.1270521,0.528693,0,0,0,0,0,0,0,0,0,0,0,1,0,0,0,0,0,0,1,0
0.1270521,0.4251876,0,0,0,0,0,0,0,0,1,0,0,0,0,0,1,0,0,0,0,0
0.1270521,0.3600069,0,0,0,0,0,0,0,0,0,1,0,0,0,0,0,0,0,0,0,1
0.1270521,0.3629028,0,0,0,0,0,0,0,1,0,0,0,0,0,0,0,0,0,1,0,0
0.1270521,0.388363,0,0,0,0,0,0,0,0,0,1,0,0,0,1,0,0,0,0,0,0
0.1270521,0.3676398,0,0,0,0,0,0,0,1,0,0,0,0,0,0,1,0,0,0,0,0
0.1270521,0.3633813,0,0,0,0,0,1,0,0,0,0,0,0,0,0,1,0,0,0,0,0
0.1270521,0.3415974,0,0,0,1,0,0,0,0,0,0,0,0,0,0,0,0,1,0,0,0
0.1270521,0.3724362,0,0,0,0,0,0,0,0,0,0,1,0,0,0,0,1,0,0,0,0
0.1270521,0.4154858,0,0,0,0,0,0,1,0,0,0,0,0,0,0,0,0,0,0,0,1
0.1270521,0.3941805,0,0,0,0,0,1,0,0,0,0,0,0,0,0,0,0,0,0,1,0
0.1270521,0.3351848,0,0,0,0,0,0,0,0,0,0,0,0,1,0,0,1,0,0,0,0
0.1270521,0.266572,0,0,0,0,0,0,0,0,0,0,1,0,0,0,0,0,0,1,0,0
0.1270521,0.2614555,0,0,0,1,0,0,0,0,0,0,0,0,0,0,0,0,0,0,0,1
0.1270521,0.2090181,0,0,0,0,0,0,0,0,0,0,0,0,1,0,1,0,0,0,0,0
0.1270521,0.2081815,0,0,0,1,0,0,0,0,0,0,0,0,0,0,1,0,0,0,0,0
0.1270521,0.1857421,0,0,0,0,0,0,0,1,0,0,0,0,0,0,1,0,0,0,0,0
0.1270521,0.1768846,0,0,0,1,0,0,0,0,0,0,0,0,0,1,0,0,0,0,0,0
0.1270521,0.1757628,0,0,0,0,0,1,0,0,0,0,0,0,0,0,0,0,0,1,0,0
0.1270521,0.1106478,0,1,0,0,0,0,0,0,0,0,0,0,0,0,1,0,0,0,0,0
0.1270521,-0.05907437,0,0,0,0,1,0,0,0,0,0,0,0,0,0,0,0,0,0,1,0
0.1270521,-0.1965681,0,0,0,0,0,0,0,0,1,0,0,0,0,0,0,0,1,0,0,0
0.1270521,-0.2412916,0,0,0,0,0,0,0,0,0,0,1,0,0,0,0,0,0,0,1,0
0.1270521,-0.2402082,0,0,0,0,0,0,0,0,0,1,0,0,0,0,0,0,0,0,1,0
0.1270521,-0.2801327,0,0,0,0,0,0,0,0,0,0,1,0,0,0,1,0,0,0,0,0
0.1270521,-0.3034256,0,0,1,0,0,0,0,0,0,0,0,0,0,0,0,0,0,0,0,1
0.1270521,-0.3446802,0,0,0,0,0,0,1,0,0,0,0,0,0,1,0,0,0,0,0,0
0.1270521,-0.3553326,0,0,0,0,0,1,0,0,0,0,0,0,0,0,0,0,1,0,0,0
0.1270521,-0.3588869,0,0,0,0,0,0,0,0,0,0,1,0,0,0,0,0,0,0,1,0
0.1270521,-0.4090855,0,0,1,0,0,0,0,0,0,0,0,0,0,0,0,0,0,1,0,0
0.1270521,-0.4595865,1,0,0,0,0,0,1,0,0,0,0,0,0,1,0,0,0,0,0,0
0.1270521,-0.4736279,0,0,0,0,0,0,0,0,0,0,1,0,0,0,0,0,0,0,1,0
0.1270521,-0.4418596,0,0,0,0,0,0,1,0,0,0,0,0,0,0,1,0,0,0,0,0
0.1270521,-0.4223867,0,0,0,0,0,0,0,0,0,1,0,0,0,0,1,0,0,0,0,0
0.1270521,-0.4065599,0,0,0,0,0,0,0,0,0,0,1,0,0,0,0,0,0,1,0,0
0.1270521,-0.3849302,0,0,0,0,0,0,0,0,0,0,1,0,0,0,0,0,1,0,0,0
0.1270521,-0.3944294,0,0,0,0,1,0,0,0,0,0,0,0,0,0,0,1,0,0,0,0
0.1270521,-0.3731881,1,1,0,0,0,0,0,0,0,0,0,0,0,0,0,0,0,0,1,0
0.1270521,-0.3484015,0,0,0,0,0,0,0,0,0,0,0,0,1,0,0,0,1,0,0,0
0.1270521,-0.3441323,0,0,0,0,0,0,1,0,0,0,0,0,0,0,0,0,0,0,0,1
0.1270521,-0.3200918,0,0,0,0,0,0,0,1,0,0,0,0,0,0,0,1,0,0,0,0
0.1270521,-0.2877684,0,0,0,1,0,0,0,0,0,0,0,0,0,0,1,0,0,0,0,0
0.1270521,-0.2099622,0,0,0,0,1,0,0,0,0,0,0,0,0,0,0,0,0,1,0,0
0.1270521,-0.1596072,0,0,0,1,0,0,0,0,0,0,0,0,0,0,0,0,0,1,0,0
0.1270521,-0.09801369,0,0,0,0,0,0,0,0,0,0,0,1,0,0,0,0,0,0,0,1
0.1270521,-0.09379933,0,0,0,0,0,0,0,0,0,0,0,1,0,0,0,1,0,0,0,0
0.1270521,-0.1356123,0,1,0,0,0,0,0,0,0,0,0,0,0,0,0,0,1,0,0,0
0.1270521,-0.1854661,0,0,0,0,0,0,0,0,0,0,0,1,0,0,0,0,0,0,1,0
0.1270521,-0.2323281,0,0,0,0,0,0,1,0,0,0,0,0,0,0,0,1,0,0,0,0
0.1270521,-0.2747116,0,0,0,0,0,0,0,0,0,0,0,1,0,0,0,0,0,0,1,0
0.1270521,-0.2972902,0,0,0,1,0,0,0,0,0,0,0,0,0,0,0,0,0,1,0,0
0.1270521,-0.3174593,0,0,0,0,0,0,0,0,0,1,0,0,0,0,0,0,0,0,1,0
0.1270521,-0.2888299,0,0,0,0,0,0,0,0,0,0,0,0,1,1,0,0,0,0,0,0
0.1270521,-0.2906776,0,0,0,0,0,0,0,1,0,0,0,0,0,0,0,0,1,0,0,0
0.1270521,-0.3128302,0,0,0,0,0,1,0,0,0,0,0,0,0,0,0,0,0,0,0,1
0.1270521,-0.3825407,0,0,0,0,0,0,0,0,0,0,0,0,1,0,0,0,0,1,0,0
0.1270521,-0.4126806,0,0,0,0,1,0,0,0,0,0,0,0,0,0,0,0,1,0,0,0
0.1270521,-0.4210311,0,0,0,0,0,0,0,1,0,0,0,0,0,0,1,0,0,0,0,0
0.1270521,-0.4104795,0,1,0,0,0,0,0,0,0,0,0,0,0,0,0,1,0,0,0,0
0.1270521,-0.4069259,0,0,0,0,0,0,0,0,0,0,0,1,0,0,0,1,0,0,0,0
0.1270521,-0.354068,0,0,0,0,0,0,0,0,0,1,0,0,0,0,0,0,0,0,1,0
0.1270521,-0.3244996,0,0,0,0,0,0,1,0,0,0,0,0,0,1,0,0,0,0,0,0
0.1270521,-0.2978374,0,0,0,0,0,0,0,0,0,1,0,0,0,0,1,0,0,0,0,0
0.1270521,-0.2971502,0,1,0,0,0,0,0,0,0,0,0,0,0,0,1,0,0,0,0,0
0.1270521,-0.2815995,0,0,0,0,0,1,0,0,0,0,0,0,0,0,0,0,1,0,0,0
0.1270521,-0.3168994,0,0,0,0,0,0,0,0,0,0,0,0,1,0,0,0,0,0,0,1
0.1270521,-0.3360481,0,1,0,0,0,0,0,0,0,0,0,0,0,0,0,1,0,0,0,0
0.1270521,-0.373772,0,0,0,0,0,0,0,1,0,0,0,0,0,0,1,0,0,0,0,0
0.1270521,-0.4224798,0,0,0,0,0,0,1,0,0,0,0,0,0,1,0,0,0,0,0,0
0.1270521,-0.4407905,0,0,0,0,0,0,1,0,0,0,0,0,0,1,0,0,0,0,0,0
0.1270521,-0.4521223,0,0,0,0,0,0,1,0,0,0,0,0,0,0,0,0,0,1,0,0
0.1270521,-0.4269222,0,0,0,1,0,0,0,0,0,0,0,0,0,0,0,0,0,0,1,0
0.1270521,-0.4048131,0,0,0,0,0,0,0,0,0,1,0,0,0,0,0,0,0,1,0,0
0.1270521,-0.3985297,0,0,0,0,0,0,0,0,0,0,0,1,0,0,0,1,0,0,0,0
0.1270521,-0.349543,0,0,0,0,0,0,0,0,0,0,1,0,0,0,0,0,1,0,0,0
0.1270521,-0.323268,0,0,0,1,0,0,0,0,0,0,0,0,0,0,1,0,0,0,0,0
0.1270521,-0.2150079,0,1,0,0,0,0,0,0,0,0,0,0,0,0,0,0,0,0,0,1
0.1270521,-0.2066069,0,0,0,0,0,1,0,0,0,0,0,0,0,1,0,0,0,0,0,0
0.1270521,-0.1470782,0,0,0,0,0,0,0,0,1,0,0,0,0,0,0,0,0,0,1,0
0.1270521,-0.1014869,0,0,0,0,0,0,0,0,0,0,0,0,1,0,0,0,0,0,0,1
0.1270521,-0.0700431,0,0,0,0,0,0,0,0,1,0,0,0,0,0,0,0,0,0,0,1
0.1270521,-0.08916735,0,0,0,0,0,0,0,1,0,0,0,0,0,0,0,0,0,0,1,0
0.1270521,-0.1307865,0,0,0,0,0,0,0,0,0,0,0,1,0,1,0,0,0,0,0,0
0.1270521,-0.1369158,0,0,0,0,0,0,0,1,0,0,0,0,0,0,1,0,0,0,0,0
0.1270521,-0.1872242,0,0,0,0,0,0,0,0,0,0,0,0,1,1,0,0,0,0,0,0
0.1270521,-0.2056424,0,0,0,0,1,0,0,0,0,0,0,0,0,1,0,0,0,0,0,0
0.1270521,-0.2898537,0,0,0,0,0,1,0,0,0,0,0,0,0,0,0,0,0,1,0,0
0.1270521,-0.369815,0,0,0,0,0,0,0,0,0,0,0,1,0,1,0,0,0,0,0,0
0.1270521,-0.4209446,0,0,0,0,0,0,0,0,0,1,0,0,0,1,0,0,0,0,0,0
0.1270521,-0.4191744,0,0,0,0,0,0,0,0,0,0,0,1,0,0,0,0,0,0,0,1
0.1270521,-0.3678261,0,0,0,0,0,0,0,0,0,0,0,1,0,0,0,1,0,0,0,0
0.1270521,-0.3383776,0,0,0,0,0,0,0,0,0,0,0,0,1,0,0,0,1,0,0,0
0.1270521,-0.3048223,0,0,0,0,0,0,0,0,0,1,0,0,0,0,0,0,0,0,1,0
0.1270521,-0.3135182,0,1,0,0,0,0,0,0,0,0,0,0,0,0,0,1,0,0,0,0
0.1270521,-0.3108459,0,0,0,0,1,0,0,0,0,0,0,0,0,0,0,1,0,0,0,0
0.1270521,-0.2891216,0,0,0,0,0,0,0,0,0,0,0,1,0,0,0,1,0,0,0,0
0.1270521,-0.3110389,0,0,0,0,0,1,0,0,0,0,0,0,0,1,0,0,0,0,0,0
0.1270521,-0.3126931,0,0,0,0,0,0,0,0,0,1,0,0,0,0,0,0,0,0,0,1
0.1270521,-0.2941824,0,1,0,0,0,0,0,0,0,0,0,0,0,0,0,0,0,0,0,1
0.1270521,-0.2822833,0,1,0,0,0,0,0,0,0,0,0,0,0,0,0,0,0,1,0,0
0.1270521,-0.2552557,0,0,1,0,0,0,0,0,0,0,0,0,0,0,0,1,0,0,0,0
0.1270521,-0.2737317,0,0,0,0,0,1,0,0,0,0,0,0,0,0,0,0,0,1,0,0
0.1270521,-0.3185625,0,0,0,0,0,0,0,0,0,1,0,0,0,0,0,0,1,0,0,0
0.1270521,-0.3224155,0,0,0,0,1,0,0,0,0,0,0,0,0,0,0,0,1,0,0,0
0.1270521,-0.2992698,0,0,0,0,0,0,0,0,0,0,0,1,0,1,0,0,0,0,0,0
0.1270521,-0.3035535,0,0,0,0,0,0,0,0,0,1,0,0,0,0,1,0,0,0,0,0
0.1270521,-0.3581359,0,0,0,0,0,0,0,0,0,0,0,1,0,0,0,0,1,0,0,0
0.1270521,-0.3728218,0,0,1,0,0,0,0,0,0,0,0,0,0,0,0,0,0,0,1,0
0.1270521,-0.3340834,0,1,0,0,0,0,0,0,0,0,0,0,0,0,0,0,0,1,0,0
0.1270521,-0.2919357,0,0,0,0,0,0,0,0,0,1,0,0,0,0,0,1,0,0,0,0
0.1270521,-0.2543155,0,0,0,0,0,0,0,0,0,0,1,0,0,0,0,0,0,0,1,0
0.1270521,-0.2578889,0,0,0,0,0,0,0,0,0,0,0,0,1,0,0,0,1,0,0,0
0.1270521,-0.2732738,0,0,0,0,0,0,0,0,0,0,0,0,1,0,0,0,1,0,0,0
0.1270521,-0.200739,0,0,0,0,0,0,0,0,1,0,0,0,0,1,0,0,0,0,0,0
0.1270521,-0.1463764,0,0,0,0,0,0,0,1,0,0,0,0,0,0,0,0,0,1,0,0
0.1270521,-0.07839272,0,0,0,0,0,1,0,0,0,0,0,0,0,0,0,0,1,0,0,0
0.1270521,-0.007066196,0,0,0,0,0,0,1,0,0,0,0,0,0,1,0,0,0,0,0,0
0.1270521,0.04518664,0,0,0,0,0,0,0,0,0,0,0,0,1,0,0,0,0,0,0,1
0.1270521,0.03768657,0,1,0,0,0,0,0,0,0,0,0,0,0,0,0,0,1,0,0,0
0.1270521,-0.004895135,0,0,0,0,0,0,1,0,0,0,0,0,0,0,0,1,0,0,0,0
0.1270521,-0.0203435,0,1,0,0,0,0,0,0,0,0,0,0,0,0,0,0,0,1,0,0
0.1270521,-0.02811024,0,0,1,0,0,0,0,0,0,0,0,0,0,0,1,0,0,0,0,0
0.1270521,0.03935472,0,0,0,0,0,1,0,0,0,0,0,0,0,1,0,0,0,0,0,0
0.1270521,0.05036976,0,0,0,0,0,0,0,0,1,0,0,0,0,0,0,0,0,0,1,0
0.1270521,0.01731989,0,0,0,0,0,0,0,0,1,0,0,0,0,0,0,1,0,0,0,0
0.1270521,-0.01517949,0,0,0,0,0,0,0,0,0,1,0,0,0,0,0,0,0,0,0,1
0.1270521,-0.02502962,0,0,0,0,0,0,0,0,0,0,1,0,0,0,0,1,0,0,0,0
0.1270521,-0.02045984,0,0,0,0,1,0,0,0,0,0,0,0,0,1,0,0,0,0,0,0
0.1270521,-0.06528236,0,0,0,0,0,0,0,0,0,0,0,1,0,0,0,0,0,0,0,1
0.1270521,-0.05878798,0,0,0,0,0,0,0,0,0,1,0,0,0,0,1,0,0,0,0,0
0.1270521,-0.06525115,0,0,0,0,0,0,0,1,0,0,0,0,0,0,0,1,0,0,0,0
0.1270521,-0.1195229,0,0,0,0,0,0,1,0,0,0,0,0,0,0,0,0,0,0,0,1
0.1270521,-0.1064034,0,0,1,0,0,0,0,0,0,0,0,0,0,0,0,1,0,0,0,0
0.1270521,-0.1295785,0,0,0,0,0,0,1,0,0,0,0,0,0,0,0,0,0,0,1,0
0.1270521,-0.08042332,0,0,0,0,0,0,0,0,0,0,0,1,0,1,0,0,0,0,0,0
0.1270521,-0.07009659,0,0,0,1,0,0,0,0,0,0,0,0,0,0,0,1,0,0,0,0
0.1270521,-0.08996464,0,0,0,0,0,0,0,1,0,0,0,0,0,0,0,0,1,0,0,0
0.1270521,-0.06248097,0,0,0,0,0,0,0,0,0,1,0,0,0,1,0,0,0,0,0,0
0.1270521,-0.07448456,0,0,0,0,1,0,0,0,0,0,0,0,0,0,0,0,0,0,1,0
0.1270521,-0.06911022,0,0,0,0,0,0,0,0,0,0,0,0,1,1,0,0,0,0,0,0
0.1270521,-0.1311535,0,0,0,0,0,1,0,0,0,0,0,0,0,1,0,0,0,0,0,0
0.1270521,-0.1989703,0,0,0,0,0,1,0,0,0,0,0,0,0,0,0,1,0,0,0,0
0.1270521,-0.179982,0,0,1,0,0,0,0,0,0,0,0,0,0,0,0,0,1,0,0,0
0.1270521,-0.1563709,0,0,1,0,0,0,0,0,0,0,0,0,0,0,0,0,0,1,0,0
0.1270521,-0.04490798,0,0,0,0,0,0,0,1,0,0,0,0,0,0,0,0,0,0,0,1
0.1270521,0.02816671,0,0,0,0,0,0,0,0,1,0,0,0,0,1,0,0,0,0,0,0
0.1270521,0.09506828,0,1,0,0,0,0,0,0,0,0,0,0,0,0,0,0,0,0,1,0
0.1270521,0.1203461,0,0,0,1,0,0,0,0,0,0,0,0,0,1,0,0,0,0,0,0
0.1270521,0.08450358,0,1,0,0,0,0,0,0,0,0,0,0,0,0,0,1,0,0,0,0
0.1270521,0.05279669,0,0,0,0,0,0,0,0,1,0,0,0,0,0,0,0,0,0,1,0
0.1270521,0.01262867,0,0,0,0,1,0,0,0,0,0,0,0,0,0,0,1,0,0,0,0
0.1270521,0.06793223,0,0,0,0,0,0,1,0,0,0,0,0,0,0,0,0,0,0,1,0
0.1270521,0.1050429,0,0,0,0,0,0,0,1,0,0,0,0,0,0,0,0,0,0,0,1
0.1270521,0.1383532,0,0,0,0,0,1,0,0,0,0,0,0,0,0,0,0,0,0,1,0
0.1270521,0.0337563,0,0,0,0,0,0,0,0,0,0,0,0,1,0,0,1,0,0,0,0
0.1270521,-0.04000608,0,0,0,0,0,0,0,1,0,0,0,0,0,0,0,0,0,1,0,0
0.1270521,-0.05562814,0,0,0,0,0,0,0,0,0,1,0,0,0,0,0,0,0,0,1,0
0.1270521,-0.09889382,0,1,0,0,0,0,0,0,0,0,0,0,0,0,0,0,0,0,1,0
0.1270521,-0.1151128,1,0,1,0,0,0,0,0,0,0,0,0,0,1,0,0,0,0,0,0
0.1270521,-0.1464942,0,0,1,0,0,0,0,0,0,0,0,0,0,0,0,0,0,0,1,0
0.1270521,-0.1042503,0,0,0,0,0,0,0,0,0,0,0,0,1,0,0,1,0,0,0,0
0.1270521,-0.08392676,0,0,0,0,0,0,0,0,0,0,1,0,0,0,0,0,0,0,1,0
0.1270521,-0.05564311,0,0,0,0,0,0,0,0,1,0,0,0,0,0,0,0,0,1,0,0
0.1270521,-0.04138208,0,0,1,0,0,0,0,0,0,0,0,0,0,0,0,1,0,0,0,0
0.1270521,-0.0763049,0,0,0,0,0,0,0,0,0,1,0,0,0,0,0,0,1,0,0,0
0.1270521,-0.1020645,1,1,0,0,0,0,0,0,0,0,0,0,0,1,0,0,0,0,0,0
0.1270521,-0.1379016,1,0,0,0,1,0,0,0,0,0,0,0,0,0,0,0,0,0,1,0
0.1270521,-0.2044962,1,0,0,0,0,0,1,0,0,0,0,0,0,0,0,1,0,0,0,0
0.1270521,-0.2423859,1,0,0,0,0,0,0,1,0,0,0,0,0,0,0,0,0,0,0,1
0.1270521,-0.2528435,0,0,0,0,0,0,0,1,0,0,0,0,0,0,0,0,0,1,0,0
0.1270521,-0.2382068,0,0,0,0,0,1,0,0,0,0,0,0,0,0,0,0,0,0,0,1
0.1270521,-0.2200799,1,0,1,0,0,0,0,0,0,0,0,0,0,1,0,0,0,0,0,0
0.1270521,-0.2409608,1,0,1,0,0,0,0,0,0,0,0,0,0,0,0,0,1,0,0,0
0.1270521,-0.3022495,1,0,0,0,0,0,1,0,0,0,0,0,0,0,1,0,0,0,0,0
0.1270521,-0.3454397,1,0,0,0,0,0,0,0,0,0,1,0,0,1,0,0,0,0,0,0
0.1270521,-0.3448332,1,0,0,0,0,0,0,0,0,0,1,0,0,0,0,0,0,0,0,1
0.1270521,-0.3229604,1,0,0,0,1,0,0,0,0,0,0,0,0,0,0,0,0,0,0,1
0.1270521,-0.322165,1,0,0,1,0,0,0,0,0,0,0,0,0,0,0,1,0,0,0,0
0.1270521,-0.3111522,1,0,0,0,0,0,1,0,0,0,0,0,0,0,0,0,0,0,0,1
0.1270521,-0.2753129,1,0,0,0,0,0,0,0,0,0,1,0,0,0,0,0,0,1,0,0
0.1270521,-0.2876058,1,0,0,0,0,0,0,1,0,0,0,0,0,0,0,0,0,1,0,0
0.1270521,-0.2793611,1,1,0,0,0,0,0,0,0,0,0,0,0,0,0,0,0,0,0,1
0.1270521,-0.3084048,1,0,0,0,1,0,0,0,0,0,0,0,0,0,1,0,0,0,0,0
0.1270521,-0.3744513,1,0,0,0,0,0,0,0,0,0,1,0,0,0,0,1,0,0,0,0
0.1270521,-0.3845675,1,0,0,1,0,0,0,0,0,0,0,0,0,0,0,1,0,0,0,0
0.1270521,-0.3778474,1,0,1,0,0,0,0,0,0,0,0,0,0,1,0,0,0,0,0,0
0.1270521,-0.3451104,1,0,0,0,0,0,0,0,0,1,0,0,0,0,0,0,0,1,0,0
0.1270521,-0.382992,1,0,0,0,0,0,0,0,0,0,0,1,0,0,1,0,0,0,0,0
0.1270521,-0.3696669,1,0,0,0,0,0,0,0,0,1,0,0,0,0,0,0,1,0,0,0
0.1270521,-0.3233012,1,0,0,0,0,0,0,1,0,0,0,0,0,0,0,0,0,0,0,1
0.1270521,-0.310988,1,0,0,0,0,0,0,1,0,0,0,0,0,0,0,0,0,1,0,0
0.1270521,-0.4112418,1,0,0,0,0,0,0,1,0,0,0,0,0,0,0,0,1,0,0,0
0.1270521,-0.5182398,1,0,0,0,0,0,0,0,1,0,0,0,0,0,0,0,0,1,0,0
0.1270521,-0.5563603,1,0,0,1,0,0,0,0,0,0,0,0,0,0,0,0,1,0,0,0
0.1270521,-0.5143569,1,0,0,0,0,0,0,0,0,0,0,1,0,0,0,1,0,0,0,0
0.1270521,-0.4995102,1,0,0,0,0,0,0,0,0,1,0,0,0,0,1,0,0,0,0,0
0.1270521,-0.546555,0,0,0,0,0,0,0,0,0,1,0,0,0,0,0,0,0,1,0,0
0.1270521,-0.5657096,0,0,0,1,0,0,0,0,0,0,0,0,0,0,0,0,0,0,0,1
0.1270521,-0.5846577,0,0,0,0,0,0,0,0,0,1,0,0,0,0,0,0,0,0,0,1
0.1270521,-0.6203208,0,0,0,0,0,0,0,1,0,0,0,0,0,1,0,0,0,0,0,0
0.1270521,-0.6788308,0,0,0,0,0,0,0,0,0,1,0,0,0,0,0,1,0,0,0,0
0.1270521,-0.7358738,0,0,1,0,0,0,0,0,0,0,0,0,0,0,0,0,1,0,0,0
0.1270521,-0.7267212,0,0,1,0,0,0,0,0,0,0,0,0,0,0,0,0,0,0,1,0
0.1270521,-0.7079156,0,0,0,0,0,0,1,0,0,0,0,0,0,1,0,0,0,0,0,0
0.1270521,-0.6512458,0,0,0,0,0,0,0,0,0,0,1,0,0,0,1,0,0,0,0,0
0.1270521,-0.6237992,0,0,0,0,0,0,0,1,0,0,0,0,0,0,0,0,0,0,1,0
0.1270521,-0.6619643,0,1,0,0,0,0,0,0,0,0,0,0,0,0,0,0,0,1,0,0
0.1270521,-0.6721713,0,0,0,0,0,0,0,0,0,1,0,0,0,0,1,0,0,0,0,0
0.1270521,-0.6801962,0,0,0,0,1,0,0,0,0,0,0,0,0,0,0,0,0,0,1,0
0.1270521,-0.6628335,0,0,0,0,0,0,0,1,0,0,0,0,0,0,0,1,0,0,0,0
0.1270521,-0.6642502,0,0,0,1,0,0,0,0,0,0,0,0,0,0,0,0,0,0,1,0
0.1270521,-0.6840586,0,0,0,0,0,0,0,1,0,0,0,0,0,0,0,0,0,1,0,0
0.1270521,-0.6624361,0,0,0,0,0,0,0,0,0,0,1,0,0,0,0,0,0,0,0,1
0.1270521,-0.6439128,0,0,0,0,0,0,1,0,0,0,0,0,0,1,0,0,0,0,0,0
0.1270521,-0.5816151,0,0,0,0,0,0,0,0,0,1,0,0,0,1,0,0,0,0,0,0
0.1270521,-0.5406844,0,0,0,0,0,0,0,0,0,1,0,0,0,0,0,0,0,1,0,0
0.1270521,-0.508018,0,0,0,0,0,0,0,0,0,0,1,0,0,0,0,0,0,0,0,1
0.1270521,-0.4369516,0,0,0,0,0,0,0,0,0,0,0,1,0,0,0,0,0,0,1,0
0.1270521,-0.3583149,0,0,0,0,0,0,0,0,1,0,0,0,0,0,0,1,0,0,0,0
0.1270521,-0.2632922,0,0,0,1,0,0,0,0,0,0,0,0,0,0,0,0,0,0,1,0
0.1270521,-0.2595338,0,0,0,0,0,0,0,0,0,1,0,0,0,0,0,0,0,1,0,0
0.1270521,-0.2627778,0,0,0,0,0,0,0,0,0,1,0,0,0,0,0,0,0,1,0,0
0.1270521,-0.2243684,0,0,1,0,0,0,0,0,0,0,0,0,0,0,0,0,0,0,0,1
0.1270521,-0.1089591,0,0,0,0,0,0,1,0,0,0,0,0,0,1,0,0,0,0,0,0
0.1270521,-0.07872533,0,1,0,0,0,0,0,0,0,0,0,0,0,0,0,0,0,0,1,0
0.1270521,-0.1208011,0,0,0,0,1,0,0,0,0,0,0,0,0,0,0,0,0,0,1,0
0.1270521,-0.1228598,0,0,0,0,0,0,1,0,0,0,0,0,0,0,0,0,1,0,0,0
0.1270521,-0.1012191,0,0,0,0,0,1,0,0,0,0,0,0,0,0,0,0,0,0,0,1
0.1270521,-0.1086943,0,0,0,0,1,0,0,0,0,0,0,0,0,0,0,0,0,0,1,0
0.1270521,-0.1306867,0,1,0,0,0,0,0,0,0,0,0,0,0,0,0,1,0,0,0,0
0.1270521,-0.15166,0,1,0,0,0,0,0,0,0,0,0,0,0,1,0,0,0,0,0,0
0.1270521,-0.1493202,0,0,0,0,1,0,0,0,0,0,0,0,0,1,0,0,0,0,0,0
0.1270521,-0.1480611,0,0,0,0,0,0,0,0,0,1,0,0,0,0,0,0,0,0,1,0
0.1270521,-0.09892692,0,0,0,0,0,0,0,0,0,0,0,1,0,0,0,0,1,0,0,0
0.1270521,-0.05102016,0,0,0,0,0,0,0,0,0,0,1,0,0,0,0,1,0,0,0,0
0.1270521,-0.03124079,0,0,0,0,0,0,0,0,1,0,0,0,0,0,0,1,0,0,0,0
0.1270521,-0.006917504,0,0,0,0,0,0,0,0,0,1,0,0,0,0,0,0,0,0,0,1
0.1270521,-0.02704588,0,0,0,0,0,0,0,0,0,0,0,0,1,0,0,0,0,0,1,0
0.1270521,-0.007196573,0,1,0,0,0,0,0,0,0,0,0,0,0,0,0,0,0,1,0,0
0.1270521,0.007915062,0,0,0,1,0,0,0,0,0,0,0,0,0,0,0,1,0,0,0,0
0.1270521,0.007000198,0,0,0,0,0,1,0,0,0,0,0,0,0,1,0,0,0,0,0,0
0.1270521,0.05526228,0,0,0,0,0,0,0,0,0,0,1,0,0,0,0,0,0,0,0,1
0.1270521,0.1343661,0,0,0,0,0,1,0,0,0,0,0,0,0,1,0,0,0,0,0,0
0.1270521,0.2001123,0,0,0,1,0,0,0,0,0,0,0,0,0,0,0,0,0,0,0,1
0.1270521,0.1756431,0,0,0,0,0,0,0,0,0,0,0,0,1,0,0,0,0,1,0,0
0.1270521,0.179294,0,0,0,0,0,0,0,0,1,0,0,0,0,1,0,0,0,0,0,0
0.1270521,0.2311954,0,0,1,0,0,0,0,0,0,0,0,0,0,0,0,0,0,1,0,0
0.1270521,0.2545676,0,0,0,0,0,0,1,0,0,0,0,0,0,0,1,0,0,0,0,0
0.1270521,0.303556,0,0,0,0,0,0,0,1,0,0,0,0,0,0,0,0,0,0,0,1
0.1270521,0.3566399,0,1,0,0,0,0,0,0,0,0,0,0,0,0,0,0,0,0,1,0
0.1270521,0.3609415,0,1,0,0,0,0,0,0,0,0,0,0,0,0,0,0,0,0,1,0
0.1270521,0.3833334,0,0,0,0,1,0,0,0,0,0,0,0,0,0,0,0,0,1,0,0
0.1270521,0.4783699,0,0,0,1,0,0,0,0,0,0,0,0,0,0,1,0,0,0,0,0
0.1270521,0.5839025,0,0,0,1,0,0,0,0,0,0,0,0,0,0,0,0,0,1,0,0
0.1270521,0.6024598,0,0,0,0,0,0,0,0,0,0,0,0,1,0,0,0,0,1,0,0
0.1270521,0.59561,0,1,0,0,0,0,0,0,0,0,0,0,0,0,0,0,1,0,0,0
0.1270521,0.58892,0,1,0,0,0,0,0,0,0,0,0,0,0,0,0,0,0,0,0,1
0.1270521,0.5880744,0,0,0,0,0,0,1,0,0,0,0,0,0,0,0,0,1,0,0,0
0.1270521,0.6396459,0,0,0,0,0,1,0,0,0,0,0,0,0,1,0,0,0,0,0,0
0.1270521,0.6694821,0,0,0,0,0,0,0,0,0,0,1,0,0,0,0,0,0,0,0,1
0.1270521,0.7057015,0,1,0,0,0,0,0,0,0,0,0,0,0,0,0,0,0,1,0,0
0.1270521,0.7515317,0,0,0,0,0,0,0,0,0,0,0,0,1,0,0,0,0,0,1,0
0.1270521,0.8376916,0,0,0,0,0,0,0,0,0,0,0,1,0,1,0,0,0,0,0,0
0.1270521,0.8186621,0,0,1,0,0,0,0,0,0,0,0,0,0,0,0,0,0,0,0,1
0.1270521,0.7383284,0,0,0,0,0,0,0,0,0,0,0,0,1,1,0,0,0,0,0,0
0.1270521,0.7102799,0,1,0,0,0,0,0,0,0,0,0,0,0,0,0,0,0,1,0,0
0.1270521,0.6959148,0,0,0,0,0,0,0,1,0,0,0,0,0,0,0,0,0,0,0,1
0.1270521,0.7469752,0,0,0,0,0,0,0,0,0,1,0,0,0,0,0,0,0,1,0,0
0.1270521,0.7941851,0,0,0,0,1,0,0,0,0,0,0,0,0,0,1,0,0,0,0,0
0.1270521,0.8431736,0,0,0,0,0,1,0,0,0,0,0,0,0,0,0,0,0,1,0,0
0.1270521,0.8791926,0,0,0,0,0,0,0,0,0,0,0,1,0,0,0,0,1,0,0,0
0.1270521,0.9553779,0,0,0,1,0,0,0,0,0,0,0,0,0,1,0,0,0,0,0,0
0.1270521,0.969131,0,0,1,0,0,0,0,0,0,0,0,0,0,0,1,0,0,0,0,0
0.1270521,0.8811761,0,0,0,0,0,0,0,0,0,0,0,0,1,0,0,1,0,0,0,0
0.1270521,0.7743508,0,0,0,0,0,0,0,0,0,0,0,0,1,0,0,0,0,1,0,0
0.1270521,0.7110242,0,1,0,0,0,0,0,0,0,0,0,0,0,0,0,0,0,0,1,0
0.1270521,0.6569904,1,0,0,0,0,1,0,0,0,0,0,0,0,1,0,0,0,0,0,0
0.1270521,0.6373215,0,0,1,0,0,0,0,0,0,0,0,0,0,0,0,0,0,0,0,1
0.1270521,0.6460182,0,0,1,0,0,0,0,0,0,0,0,0,0,0,0,1,0,0,0,0
0.1270521,0.6230801,0,0,0,0,0,0,0,0,0,0,1,0,0,0,0,0,0,1,0,0
0.1270521,0.5552599,0,1,0,0,0,0,0,0,0,0,0,0,0,0,1,0,0,0,0,0
0.1270521,0.5052033,0,0,0,0,0,0,0,0,1,0,0,0,0,1,0,0,0,0,0,0
0.1270521,0.4164994,1,0,0,0,0,1,0,0,0,0,0,0,0,0,1,0,0,0,0,0
0.1270521,0.3385459,1,0,0,0,0,0,0,0,1,0,0,0,0,0,0,0,1,0,0,0
0.1270521,0.2746186,1,0,0,0,0,0,0,0,0,0,1,0,0,1,0,0,0,0,0,0
0.1270521,0.2339599,1,0,0,0,1,0,0,0,0,0,0,0,0,0,0,0,0,1,0,0
0.1270521,0.244428,1,0,0,0,0,1,0,0,0,0,0,0,0,0,0,0,0,0,1,0
0.1270521,0.2574242,1,0,1,0,0,0,0,0,0,0,0,0,0,1,0,0,0,0,0,0
0.1270521,0.2894298,1,0,0,0,0,1,0,0,0,0,0,0,0,0,0,0,0,0,1,0
0.1270521,0.2631265,1,0,0,0,0,1,0,0,0,0,0,0,0,0,0,0,0,1,0,0
0.1270521,0.2783154,1,0,0,0,0,0,0,0,0,1,0,0,0,0,0,0,0,1,0,0
0.1270521,0.2752905,1,0,0,0,0,1,0,0,0,0,0,0,0,0,1,0,0,0,0,0
0.1270521,0.2384172,1,0,0,0,1,0,0,0,0,0,0,0,0,0,0,0,0,1,0,0
0.1270521,0.187455,1,0,0,0,0,0,0,1,0,0,0,0,0,0,0,0,1,0,0,0
0.1270521,0.164411,1,0,0,0,0,0,1,0,0,0,0,0,0,0,0,1,0,0,0,0
0.1270521,0.1768904,1,0,0,0,1,0,0,0,0,0,0,0,0,0,1,0,0,0,0,0
0.1270521,0.187316,1,0,0,1,0,0,0,0,0,0,0,0,0,0,0,1,0,0,0,0
0.1270521,0.2167704,1,0,0,0,0,0,0,1,0,0,0,0,0,0,0,0,0,0,1,0
0.1270521,0.2134035,1,0,0,1,0,0,0,0,0,0,0,0,0,0,0,0,1,0,0,0
0.1270521,0.2294422,1,0,0,0,0,0,0,0,0,0,0,0,1,0,0,1,0,0,0,0
0.1270521,0.163638,1,0,0,0,1,0,0,0,0,0,0,0,0,0,1,0,0,0,0,0
0.1270521,0.1067015,1,0,0,0,0,0,0,1,0,0,0,0,0,0,0,0,1,0,0,0
0.1270521,0.07961653,1,0,0,1,0,0,0,0,0,0,0,0,0,1,0,0,0,0,0,0
0.1270521,0.07199257,1,0,0,0,0,0,0,0,0,0,0,0,1,1,0,0,0,0,0,0
0.1270521,0.08638331,1,0,0,0,0,0,1,0,0,0,0,0,0,0,0,0,0,0,0,1
0.1270521,0.04858438,1,0,0,0,0,0,0,0,1,0,0,0,0,0,0,0,0,0,1,0
0.1270521,0.05025952,1,0,0,0,0,0,0,0,0,0,1,0,0,0,0,0,1,0,0,0
0.1270521,0.04030132,1,0,0,1,0,0,0,0,0,0,0,0,0,0,0,0,0,0,0,1
0.1270521,0.01279982,1,0,0,0,0,0,0,0,0,0,0,0,1,0,0,0,0,0,0,1
0.1270521,-0.01314151,1,0,0,0,0,0,0,0,0,0,0,0,1,0,0,0,0,0,1,0
0.1270521,-0.05042048,1,0,0,0,0,0,0,0,0,0,0,1,0,0,0,0,0,0,1,0
0.1270521,-0.05504806,1,0,1,0,0,0,0,0,0,0,0,0,0,0,0,0,1,0,0,0
0.1270521,-0.06216715,1,0,0,1,0,0,0,0,0,0,0,0,0,0,1,0,0,0,0,0
0.1270521,-0.07912802,1,0,0,0,0,0,1,0,0,0,0,0,0,0,0,0,0,1,0,0
0.1270521,-0.03525388,1,0,0,0,0,0,1,0,0,0,0,0,0,0,0,0,1,0,0,0
0.1270521,-0.01659186,1,0,0,0,1,0,0,0,0,0,0,0,0,0,1,0,0,0,0,0
0.1270521,0.02094847,1,1,0,0,0,0,0,0,0,0,0,0,0,0,0,0,0,0,1,0
0.1270521,0.01392788,1,0,0,0,0,0,0,0,0,0,0,0,1,0,0,0,0,1,0,0
0.1270521,0.02244465,1,0,0,0,0,0,1,0,0,0,0,0,0,1,0,0,0,0,0,0
0.1270521,-0.01033143,1,0,0,0,0,0,1,0,0,0,0,0,0,0,0,0,0,0,1,0
0.1270521,-0.04247607,0,0,0,1,0,0,0,0,0,0,0,0,0,0,0,0,1,0,0,0
0.1270521,-0.03343912,0,0,1,0,0,0,0,0,0,0,0,0,0,0,0,0,0,1,0,0
0.1270521,0.00116629,0,0,1,0,0,0,0,0,0,0,0,0,0,0,1,0,0,0,0,0
0.1270521,0.04716709,0,0,0,0,0,0,0,0,1,0,0,0,0,0,0,0,0,0,0,1
0.1270521,0.01212248,0,0,0,1,0,0,0,0,0,0,0,0,0,0,1,0,0,0,0,0
0.1270521,-0.002220691,0,0,0,0,0,0,0,0,0,0,0,1,0,0,0,1,0,0,0,0
0.1270521,-0.00338562,0,0,0,0,0,0,1,0,0,0,0,0,0,0,0,0,1,0,0,0
0.1270521,0.03683907,0,0,1,0,0,0,0,0,0,0,0,0,0,1,0,0,0,0,0,0
0.1270521,0.01881423,0,0,1,0,0,0,0,0,0,0,0,0,0,0,0,0,1,0,0,0
0.1270521,-0.0327474,0,0,1,0,0,0,0,0,0,0,0,0,0,0,0,0,0,0,0,1
0.1270521,-0.04421661,0,1,0,0,0,0,0,0,0,0,0,0,0,0,0,1,0,0,0,0
0.1270521,-0.005948141,0,0,0,0,0,0,0,1,0,0,0,0,0,0,0,1,0,0,0,0
0.1270521,0.03013638,0,0,0,0,0,0,0,0,0,0,1,0,0,0,0,0,0,1,0,0
0.1270521,0.03739775,0,0,0,0,0,0,0,0,0,1,0,0,0,0,0,0,1,0,0,0
0.1270521,0.04218368,0,0,0,0,0,0,0,0,0,0,0,0,1,0,0,0,0,1,0,0
0.1270521,0.1044491,0,0,0,0,0,0,0,0,0,0,0,1,0,0,0,1,0,0,0,0
0.1270521,0.1278777,0,0,0,1,0,0,0,0,0,0,0,0,0,0,0,0,0,1,0,0
0.1270521,0.1132244,0,0,0,0,0,0,0,0,1,0,0,0,0,1,0,0,0,0,0,0
0.1270521,0.06066704,0,0,0,0,0,1,0,0,0,0,0,0,0,0,0,0,0,1,0,0
0.1270521,0.0535183,0,0,0,0,0,0,0,0,0,0,0,0,1,0,0,0,0,1,0,0
0.1270521,0.06343905,0,0,0,1,0,0,0,0,0,0,0,0,0,0,0,0,1,0,0,0
0.1270521,0.04385052,0,0,0,0,0,1,0,0,0,0,0,0,0,0,0,0,0,0,1,0
0.1270521,0.03569571,0,0,0,0,0,1,0,0,0,0,0,0,0,0,0,0,0,0,1,0
0.1270521,0.001212042,0,0,0,0,0,0,0,0,0,0,0,0,1,0,0,0,0,1,0,0
0.1270521,0.01408916,0,0,0,0,0,1,0,0,0,0,0,0,0,0,0,0,1,0,0,0
0.1270521,0.02507185,0,1,0,0,0,0,0,0,0,0,0,0,0,0,0,1,0,0,0,0
0.1270521,0.04322218,0,0,0,0,0,0,0,0,0,0,0,0,1,0,1,0,0,0,0,0
0.1270521,0.07131563,0,0,0,0,0,0,1,0,0,0,0,0,0,0,0,1,0,0,0,0
0.1270521,0.03765492,0,0,1,0,0,0,0,0,0,0,0,0,0,0,0,0,0,0,1,0
0.1270521,0.06239914,0,0,0,0,0,0,0,0,1,0,0,0,0,0,0,0,0,0,1,0
0.1270521,0.0592295,0,0,0,0,0,0,1,0,0,0,0,0,0,0,0,1,0,0,0,0
0.1270521,0.05539535,0,0,0,0,0,0,0,0,0,0,0,0,1,0,0,0,0,0,1,0
0.1270521,-0.01533134,0,1,0,0,0,0,0,0,0,0,0,0,0,0,0,0,0,0,0,1
0.1270521,-0.06866819,0,0,0,0,1,0,0,0,0,0,0,0,0,0,0,0,1,0,0,0
0.1270521,-0.03003275,0,0,0,0,0,0,1,0,0,0,0,0,0,0,0,0,0,0,0,1
0.1270521,0.002930431,0,0,0,0,0,0,0,0,0,1,0,0,0,0,0,0,0,0,1,0
0.1270521,0.01341914,0,0,0,1,0,0,0,0,0,0,0,0,0,0,0,0,0,0,1,0
0.1270521,0.00836067,0,0,0,0,0,0,0,0,1,0,0,0,0,0,0,0,0,1,0,0
0.1270521,0.002158014,0,0,0,0,0,0,0,1,0,0,0,0,0,0,0,0,0,0,1,0
0.1270521,-0.003720709,0,0,0,0,0,0,1,0,0,0,0,0,0,0,0,0,0,1,0,0
0.1270521,-0.02154564,0,0,0,0,0,0,0,0,0,0,0,0,1,0,0,0,0,0,0,1
0.1270521,-0.04070791,0,1,0,0,0,0,0,0,0,0,0,0,0,0,0,1,0,0,0,0
0.1270521,-0.02730879,0,0,0,0,0,0,0,0,0,0,0,1,0,0,0,0,1,0,0,0
0.1270521,0.02898064,0,0,0,0,0,1,0,0,0,0,0,0,0,0,0,0,0,1,0,0
0.1270521,0.1096762,0,0,0,0,0,0,0,0,0,0,1,0,0,0,0,1,0,0,0,0
0.1270521,0.1283181,0,0,0,0,0,0,1,0,0,0,0,0,0,0,0,0,0,1,0,0
0.1270521,0.1582011,0,0,0,1,0,0,0,0,0,0,0,0,0,0,0,0,0,0,1,0
0.1270521,0.1349776,0,0,0,0,0,0,0,0,1,0,0,0,0,0,0,0,0,0,1,0
0.1270521,0.1229536,0,0,0,0,0,0,1,0,0,0,0,0,0,0,0,0,1,0,0,0
0.1270521,0.1674337,0,0,0,0,0,0,0,0,0,0,1,0,0,0,0,0,0,0,0,1
0.1270521,0.2057388,0,0,0,0,0,0,0,0,0,0,0,0,1,0,0,0,0,0,0,1
0.1270521,0.2611927,0,0,0,0,0,0,0,0,0,0,1,0,0,0,1,0,0,0,0,0
0.1270521,0.3305895,0,0,0,0,0,0,0,0,0,0,0,1,0,1,0,0,0,0,0,0
0.1270521,0.5116199,0,0,0,0,0,0,0,0,0,0,0,0,1,0,0,0,1,0,0,0
0.1270521,0.6570921,0,0,0,0,0,0,0,0,0,0,0,1,0,0,0,0,0,0,1,0
0.1270521,0.7217504,0,0,0,0,0,1,0,0,0,0,0,0,0,0,0,1,0,0,0,0
0.1270521,0.8075459,0,0,0,0,0,0,0,0,0,1,0,0,0,0,0,0,1,0,0,0
0.1270521,0.8965347,0,0,0,0,0,0,0,1,0,0,0,0,0,0,0,1,0,0,0,0
0.1270521,0.9949083,0,0,0,0,0,1,0,0,0,0,0,0,0,0,0,0,0,0,0,1
0.1270521,1.06679,0,1,0,0,0,0,0,0,0,0,0,0,0,0,1,0,0,0,0,0
0.1270521,1.074732,0,0,0,0,0,0,0,0,0,0,1,0,0,0,0,0,0,1,0,0
0.1270521,1.120689,0,0,0,0,0,0,0,0,0,0,0,0,1,0,0,0,1,0,0,0
0.1270521,1.15274,0,1,0,0,0,0,0,0,0,0,0,0,0,0,0,0,0,1,0,0
0.1270521,1.228983,0,0,0,0,0,0,0,1,0,0,0,0,0,0,0,0,0,0,0,1
0.1270521,1.242989,0,0,0,0,0,0,0,0,0,0,1,0,0,0,0,0,0,0,1,0
0.1270521,1.227617,0,0,0,0,0,0,0,0,1,0,0,0,0,0,0,0,0,0,0,1
0.1270521,1.291149,0,0,0,1,0,0,0,0,0,0,0,0,0,0,0,0,0,0,0,1
0.1270521,1.320567,0,0,0,0,0,1,0,0,0,0,0,0,0,1,0,0,0,0,0,0
0.1270521,1.410298,0,0,0,0,0,0,0,0,1,0,0,0,0,0,0,1,0,0,0,0
0.1270521,1.416639,0,0,0,0,0,0,0,0,0,0,1,0,0,0,0,0,1,0,0,0
0.1270521,1.368476,0,0,0,1,0,0,0,0,0,0,0,0,0,0,0,0,0,0,1,0
0.1270521,1.324169,0,0,0,1,0,0,0,0,0,0,0,0,0,0,0,0,0,0,0,1
0.1270521,1.466497,0,0,0,0,1,0,0,0,0,0,0,0,0,0,1,0,0,0,0,0
0.1270521,1.599726,0,0,0,0,0,0,1,0,0,0,0,0,0,0,1,0,0,0,0,0
0.1270521,1.637752,0,0,0,0,0,0,0,0,0,1,0,0,0,0,1,0,0,0,0,0
0.1270521,1.653382,0,0,0,0,0,0,0,0,0,0,0,0,1,1,0,0,0,0,0,0
0.1270521,1.721238,0,0,0,0,0,0,0,0,1,0,0,0,0,0,0,0,1,0,0,0
0.1270521,1.737029,0,0,0,1,0,0,0,0,0,0,0,0,0,0,0,0,1,0,0,0
0.1270521,1.693454,0,0,0,1,0,0,0,0,0,0,0,0,0,0,0,0,0,1,0,0
0.1270521,1.677808,0,1,0,0,0,0,0,0,0,0,0,0,0,1,0,0,0,0,0,0
0.1270521,1.710157,0,1,0,0,0,0,0,0,0,0,0,0,0,0,0,0,0,0,0,1
0.1270521,1.79848,0,0,0,0,0,0,0,0,0,1,0,0,0,0,0,0,0,0,0,1
0.1270521,1.934864,0,0,0,1,0,0,0,0,0,0,0,0,0,0,0,0,1,0,0,0
0.1270521,1.938974,0,0,0,0,0,0,1,0,0,0,0,0,0,0,0,1,0,0,0,0
0.1270521,1.95226,0,0,0,0,0,0,0,1,0,0,0,0,0,0,0,0,0,0,0,1
0.1270521,1.986307,0,0,0,0,0,0,1,0,0,0,0,0,0,0,0,0,1,0,0,0
0.1270521,2.118079,0,0,1,0,0,0,0,0,0,0,0,0,0,0,0,0,0,0,1,0
0.1270521,2.182742,0,0,0,0,0,0,0,0,0,1,0,0,0,0,1,0,0,0,0,0
0.1270521,2.243501,0,0,0,0,0,0,0,0,0,0,0,1,0,0,0,0,1,0,0,0
0.1270521,2.288247,0,0,0,0,0,0,0,1,0,0,0,0,0,0,0,1,0,0,0,0
0.1270521,2.298454,1,0,0,0,0,0,1,0,0,0,0,0,0,0,0,1,0,0,0,0
0.1270521,2.385958,1,0,0,0,0,0,1,0,0,0,0,0,0,1,0,0,0,0,0,0
0.1270521,2.415632,0,0,0,0,0,1,0,0,0,0,0,0,0,0,1,0,0,0,0,0
0.1270521,2.346823,0,0,0,0,0,0,0,0,0,1,0,0,0,0,0,0,0,1,0,0
0.1270521,2.274265,1,0,1,0,0,0,0,0,0,0,0,0,0,0,0,0,0,1,0,0
0.1270521,2.287478,1,0,0,0,0,0,0,0,1,0,0,0,0,1,0,0,0,0,0,0
0.1270521,2.347355,0,0,1,0,0,0,0,0,0,0,0,0,0,1,0,0,0,0,0,0
0.1270521,2.328577,0,0,0,0,0,0,0,0,0,0,1,0,0,0,0,0,0,0,1,0
0.1270521,2.359925,1,0,0,0,0,1,0,0,0,0,0,0,0,0,0,1,0,0,0,0
0.1270521,2.315893,0,0,1,0,0,0,0,0,0,0,0,0,0,0,0,0,0,1,0,0
0.1270521,2.33857,0,0,0,0,0,0,0,0,1,0,0,0,0,0,0,0,1,0,0,0
0.1270521,2.378703,0,0,0,0,1,0,0,0,0,0,0,0,0,0,0,0,0,0,0,1
0.1270521,2.416296,0,0,0,0,0,0,0,0,0,0,0,1,0,0,0,0,0,0,1,0
0.1270521,2.435017,0,0,0,0,0,1,0,0,0,0,0,0,0,0,1,0,0,0,0,0
0.1270521,2.500192,0,0,0,0,0,0,1,0,0,0,0,0,0,0,0,0,1,0,0,0
0.1270521,2.63265,0,0,0,0,1,0,0,0,0,0,0,0,0,0,0,0,0,1,0,0
0.1270521,2.752371,0,1,0,0,0,0,0,0,0,0,0,0,0,0,0,1,0,0,0,0
0.1270521,2.886993,0,0,0,0,0,1,0,0,0,0,0,0,0,0,0,0,0,0,1,0
0.1270521,3.008483,0,0,0,1,0,0,0,0,0,0,0,0,0,0,0,0,0,1,0,0
0.1270521,2.985768,0,0,0,0,0,0,0,0,0,0,0,1,0,1,0,0,0,0,0,0
0.1270521,2.913392,0,0,0,0,0,1,0,0,0,0,0,0,0,1,0,0,0,0,0,0
0.1270521,2.869704,0,0,0,0,0,0,0,0,0,0,1,0,0,0,0,0,1,0,0,0
0.1270521,2.912917,0,0,0,0,0,0,0,0,0,0,1,0,0,1,0,0,0,0,0,0
0.1270521,2.922826,0,0,1,0,0,0,0,0,0,0,0,0,0,0,0,0,1,0,0,0
0.1270521,2.90056,0,0,0,0,0,0,0,0,1,0,0,0,0,0,1,0,0,0,0,0
0.1270521,2.979282,0,0,0,0,0,0,1,0,0,0,0,0,0,0,0,0,1,0,0,0
0.1270521,3.100842,0,0,0,0,0,0,1,0,0,0,0,0,0,1,0,0,0,0,0,0
0.1270521,3.033036,0,0,0,0,0,0,0,0,1,0,0,0,0,0,0,1,0,0,0,0
0.1270521,2.886967,0,0,0,0,0,0,0,0,0,1,0,0,0,1,0,0,0,0,0,0
0.1270521,2.763453,0,0,1,0,0,0,0,0,0,0,0,0,0,0,0,0,0,0,0,1
0.1270521,2.852584,0,0,0,0,0,0,0,0,0,0,0,1,0,0,0,1,0,0,0,0
0.1270521,2.992848,0,0,1,0,0,0,0,0,0,0,0,0,0,0,0,1,0,0,0,0
0.1270521,2.956774,0,0,0,0,0,0,0,1,0,0,0,0,0,0,0,0,0,0,1,0
0.1270521,2.918009,0,0,0,0,0,0,0,0,0,0,0,0,1,0,0,0,0,1,0,0
0.1270521,2.917874,0,1,0,0,0,0,0,0,0,0,0,0,0,0,1,0,0,0,0,0
0.1270521,2.964991,0,0,0,0,0,0,0,0,0,0,0,1,0,1,0,0,0,0,0,0
0.1270521,2.937455,0,0,0,0,0,0,0,0,0,0,1,0,0,0,0,0,0,0,0,1
0.1270521,2.880457,0,0,0,0,0,0,0,1,0,0,0,0,0,0,0,1,0,0,0,0
0.1270521,2.964606,0,0,0,0,0,0,1,0,0,0,0,0,0,0,1,0,0,0,0,0
0.1270521,3.041759,0,0,1,0,0,0,0,0,0,0,0,0,0,0,0,0,0,1,0,0
0.1270521,3.159338,0,0,0,0,0,0,0,0,0,0,1,0,0,0,0,0,0,0,1,0
0.1270521,3.247783,0,1,0,0,0,0,0,0,0,0,0,0,0,0,0,0,0,0,1,0
0.1270521,3.224869,0,0,0,0,0,0,0,0,0,0,0,1,0,0,0,1,0,0,0,0
0.1270521,3.240132,0,0,0,0,0,0,1,0,0,0,0,0,0,0,0,0,0,1,0,0
0.1270521,3.287633,0,0,0,0,0,1,0,0,0,0,0,0,0,0,1,0,0,0,0,0
0.1270521,3.402722,0,0,0,0,0,0,0,1,0,0,0,0,0,0,0,1,0,0,0,0
0.1270521,3.457569,0,0,0,0,0,0,0,0,1,0,0,0,0,0,0,1,0,0,0,0
0.1270521,3.519102,0,0,0,0,0,1,0,0,0,0,0,0,0,0,1,0,0,0,0,0
0.1270521,3.689853,0,0,0,0,0,1,0,0,0,0,0,0,0,0,0,0,0,1,0,0
0.1270521,3.883097,0,0,0,0,0,0,0,0,0,0,1,0,0,1,0,0,0,0,0,0
0.1270521,4.007639,0,0,0,0,0,0,0,0,1,0,0,0,0,0,0,0,0,0,1,0
0.1270521,3.957856,0,0,0,0,0,0,0,0,0,0,0,0,1,1,0,0,0,0,0,0
0.1270521,3.902526,0,0,0,0,1,0,0,0,0,0,0,0,0,0,0,0,1,0,0,0
0.1270521,3.990257,1,0,0,0,0,0,0,0,0,0,0,1,0,0,0,0,0,0,1,0
0.1270521,4.266073,0,1,0,0,0,0,0,0,0,0,0,0,0,0,0,0,0,0,1,0
0.1270521,4.585361,1,1,0,0,0,0,0,0,0,0,0,0,0,0,0,0,0,1,0,0
0.1270521,4.847405,0,0,0,0,0,0,1,0,0,0,0,0,0,1,0,0,0,0,0,0
0.1270521,5.064821,1,1,0,0,0,0,0,0,0,0,0,0,0,0,0,0,0,1,0,0
0.1270521,5.043166,0,0,0,0,0,0,0,0,1,0,0,0,0,0,0,0,0,0,1,0
0.1270521,4.865773,1,0,0,0,0,0,0,0,1,0,0,0,0,0,1,0,0,0,0,0
0.1270521,4.540784,1,0,0,0,0,1,0,0,0,0,0,0,0,0,0,0,1,0,0,0
0.1270521,4.130989,1,0,0,0,0,0,0,0,0,0,0,0,1,0,0,0,1,0,0,0
0.1270521,3.800041,1,0,1,0,0,0,0,0,0,0,0,0,0,0,0,0,0,0,0,1
0.1270521,3.511885,1,1,0,0,0,0,0,0,0,0,0,0,0,1,0,0,0,0,0,0
0.1270521,3.293178,1,0,1,0,0,0,0,0,0,0,0,0,0,0,0,1,0,0,0,0
0.1270521,3.006978,1,0,0,0,0,0,0,0,0,0,0,1,0,0,0,0,1,0,0,0
0.1270521,2.776058,1,0,0,0,0,0,0,1,0,0,0,0,0,0,0,0,0,0,1,0
0.1270521,2.490638,1,0,0,0,1,0,0,0,0,0,0,0,0,1,0,0,0,0,0,0
0.1270521,2.247807,1,0,0,0,0,0,1,0,0,0,0,0,0,0,0,0,0,1,0,0
0.1270521,2.084537,1,0,1,0,0,0,0,0,0,0,0,0,0,0,1,0,0,0,0,0
0.1270521,1.995899,1,0,0,0,0,0,0,0,0,1,0,0,0,0,0,0,1,0,0,0
0.1270521,1.840457,1,0,0,1,0,0,0,0,0,0,0,0,0,0,0,0,0,0,1,0
0.1270521,1.765336,1,0,0,0,0,0,0,0,0,0,1,0,0,0,1,0,0,0,0,0
0.1270521,1.747054,1,0,1,0,0,0,0,0,0,0,0,0,0,0,0,0,0,0,0,1
0.1270521,1.77358,1,0,0,0,0,0,0,0,0,1,0,0,0,0,1,0,0,0,0,0
0.1270521,1.789794,1,0,0,0,0,0,0,1,0,0,0,0,0,0,0,0,0,1,0,0
0.1270521,1.726701,1,0,0,1,0,0,0,0,0,0,0,0,0,0,0,0,0,0,0,1
0.1270521,1.577882,1,0,0,0,0,1,0,0,0,0,0,0,0,0,0,0,0,0,0,1
0.1270521,1.445556,1,0,0,0,0,0,0,0,0,0,1,0,0,0,0,0,0,0,0,1
0.1270521,1.329545,1,0,1,0,0,0,0,0,0,0,0,0,0,0,0,0,1,0,0,0
0.1270521,1.228149,1,0,0,0,0,0,0,0,0,0,0,0,1,0,1,0,0,0,0,0
0.1270521,1.117751,1,0,0,0,0,0,0,0,0,0,1,0,0,0,0,0,0,1,0,0
0.1270521,1.091449,1,0,0,0,0,0,0,0,0,0,1,0,0,0,1,0,0,0,0,0
0.1270521,1.098414,1,0,0,0,0,0,1,0,0,0,0,0,0,0,0,1,0,0,0,0
0.1270521,1.134536,1,0,0,0,0,0,0,0,0,0,1,0,0,0,1,0,0,0,0,0
0.1270521,1.169775,1,0,0,0,0,0,1,0,0,0,0,0,0,1,0,0,0,0,0,0
0.1270521,1.155521,1,1,0,0,0,0,0,0,0,0,0,0,0,0,0,0,0,0,1,0
0.1270521,1.142141,1,0,0,0,0,0,1,0,0,0,0,0,0,0,0,0,0,0,0,1
0.1270521,1.187763,1,0,0,0,0,0,0,0,0,0,0,1,0,0,0,1,0,0,0,0
0.1270521,1.283838,1,0,0,0,0,0,0,0,0,0,0,1,0,0,0,0,0,0,0,1
0.1270521,1.243418,1,0,0,0,0,0,0,0,1,0,0,0,0,0,0,0,0,0,0,1
0.1270521,1.171966,1,0,0,0,0,0,0,0,0,0,1,0,0,1,0,0,0,0,0,0
0.1270521,1.177656,1,0,0,0,0,0,0,0,0,0,0,1,0,0,1,0,0,0,0,0
0.1270521,1.276319,1,1,0,0,0,0,0,0,0,0,0,0,0,0,0,0,1,0,0,0
0.1270521,1.3464,1,0,0,0,1,0,0,0,0,0,0,0,0,1,0,0,0,0,0,0
0.1270521,1.289101,1,0,0,0,0,1,0,0,0,0,0,0,0,0,0,0,0,0,1,0
0.1270521,1.194237,1,0,0,0,0,0,0,0,0,0,1,0,0,0,0,0,0,1,0,0
0.1270521,1.112269,1,0,0,0,0,0,0,0,0,0,0,1,0,1,0,0,0,0,0,0
0.1270521,1.094137,1,0,0,0,0,0,0,0,0,0,1,0,0,0,0,0,1,0,0,0
0.1270521,1.043531,1,0,0,1,0,0,0,0,0,0,0,0,0,0,0,0,0,1,0,0
0.1270521,0.9504007,1,0,0,0,0,0,0,0,0,1,0,0,0,0,0,0,0,0,1,0
0.1270521,0.9096276,1,1,0,0,0,0,0,0,0,0,0,0,0,0,0,0,0,0,1,0
0.1270521,0.9155964,1,1,0,0,0,0,0,0,0,0,0,0,0,0,0,0,0,0,1,0
0.1270521,0.9610348,1,0,0,0,0,0,1,0,0,0,0,0,0,1,0,0,0,0,0,0
0.1270521,0.9328368,1,0,0,0,1,0,0,0,0,0,0,0,0,0,0,0,1,0,0,0
0.1270521,0.8576768,1,1,0,0,0,0,0,0,0,0,0,0,0,0,0,0,1,0,0,0
0.1270521,0.7362409,1,0,1,0,0,0,0,0,0,0,0,0,0,1,0,0,0,0,0,0
0.1270521,0.6602749,0,0,1,0,0,0,0,0,0,0,0,0,0,0,1,0,0,0,0,0
0.1270521,0.6235871,0,0,0,0,0,1,0,0,0,0,0,0,0,0,0,0,1,0,0,0
0.1270521,0.5681422,0,0,0,0,0,0,0,0,1,0,0,0,0,0,0,1,0,0,0,0
0.1270521,0.5260672,0,0,0,0,0,0,0,0,0,0,0,1,0,0,1,0,0,0,0,0
0.1270521,0.4958783,0,0,0,1,0,0,0,0,0,0,0,0,0,0,0,0,0,1,0,0
0.1270521,0.4509072,1,0,1,0,0,0,0,0,0,0,0,0,0,0,0,0,0,1,0,0
0.1270521,0.4404994,1,0,1,0,0,0,0,0,0,0,0,0,0,0,1,0,0,0,0,0
0.1270521,0.4108353,1,0,0,0,0,0,1,0,0,0,0,0,0,0,0,0,0,0,0,1
0.1270521,0.4035031,1,0,1,0,0,0,0,0,0,0,0,0,0,0,0,0,0,1,0,0
0.1270521,0.3596286,1,0,0,0,0,0,0,0,0,1,0,0,0,0,1,0,0,0,0,0
0.1270521,0.3442208,1,0,0,0,0,0,1,0,0,0,0,0,0,0,0,0,0,0,0,1
0.1270521,0.3456185,1,0,0,0,1,0,0,0,0,0,0,0,0,0,1,0,0,0,0,0
0.1270521,0.3406376,0,0,0,0,0,0,0,1,0,0,0,0,0,0,1,0,0,0,0,0
0.1270521,0.3200681,0,0,0,0,0,1,0,0,0,0,0,0,0,0,0,0,0,0,1,0
0.1270521,0.2901726,1,0,0,0,0,0,0,0,0,1,0,0,0,1,0,0,0,0,0,0
0.1270521,0.3336354,0,1,0,0,0,0,0,0,0,0,0,0,0,0,0,0,1,0,0,0
0.1270521,0.3595566,0,0,0,0,0,0,0,0,0,0,1,0,0,0,0,0,0,1,0,0
0.1270521,0.2938388,1,0,0,0,0,0,0,0,0,0,0,1,0,0,0,0,0,0,0,1
0.1270521,0.1810251,1,0,0,0,0,0,0,1,0,0,0,0,0,0,0,0,0,0,0,1
0.1270521,0.1060245,1,0,0,0,0,0,0,0,0,1,0,0,0,0,0,0,0,0,1,0
0.1270521,0.07828502,1,0,0,0,1,0,0,0,0,0,0,0,0,0,0,0,1,0,0,0
0.1270521,0.06933253,1,0,0,0,0,0,0,0,1,0,0,0,0,1,0,0,0,0,0,0
0.1270521,0.04778733,1,0,0,0,0,0,0,0,1,0,0,0,0,0,0,0,0,1,0,0
0.1270521,0.01858163,1,0,0,0,1,0,0,0,0,0,0,0,0,1,0,0,0,0,0,0
0.1270521,-0.003017902,1,0,0,0,0,0,0,1,0,0,0,0,0,0,0,0,0,1,0,0
0.1270521,0.02383109,1,0,0,0,0,1,0,0,0,0,0,0,0,0,0,0,0,1,0,0
0.1270521,0.07151019,1,0,0,0,0,0,0,0,0,0,0,1,0,0,0,0,0,0,1,0
0.1270521,0.09382802,1,0,0,0,0,0,0,0,0,0,1,0,0,0,0,0,0,1,0,0
0.1270521,0.1244398,1,0,0,0,0,0,0,0,0,1,0,0,0,0,0,0,0,0,0,1
0.1270521,0.1118951,1,0,0,0,0,0,0,0,1,0,0,0,0,0,0,0,1,0,0,0
0.1270521,0.1419335,1,1,0,0,0,0,0,0,0,0,0,0,0,0,0,0,0,0,1,0
0.1270521,0.1521774,1,0,1,0,0,0,0,0,0,0,0,0,0,0,0,0,0,1,0,0
0.1270521,0.2012129,1,0,0,0,0,0,0,0,1,0,0,0,0,0,1,0,0,0,0,0
0.1270521,0.2162396,1,0,0,0,0,0,0,0,0,1,0,0,0,0,0,0,0,0,1,0
0.1270521,0.2056097,1,0,0,0,0,0,0,0,0,1,0,0,0,0,1,0,0,0,0,0
0.1270521,0.2561347,1,0,0,0,0,0,0,0,0,0,0,1,0,0,1,0,0,0,0,0
0.1270521,0.2438295,1,1,0,0,0,0,0,0,0,0,0,0,0,0,0,0,0,0,0,1
0.1270521,0.1922617,1,0,0,0,0,0,0,0,0,0,0,1,0,0,0,0,1,0,0,0
0.1270521,0.1738785,1,0,0,0,1,0,0,0,0,0,0,0,0,0,1,0,0,0,0,0
0.1270521,0.2027268,0,0,0,0,0,1,0,0,0,0,0,0,0,0,0,1,0,0,0,0
0.1270521,0.2667175,0,0,0,0,0,0,0,0,1,0,0,0,0,0,1,0,0,0,0,0
0.1270521,0.2931701,0,0,0,0,1,0,0,0,0,0,0,0,0,0,0,0,0,0,0,1
0.1270521,0.3821777,0,0,0,0,0,0,0,0,1,0,0,0,0,1,0,0,0,0,0,0
0.1270521,0.4577216,0,0,0,0,0,0,0,0,1,0,0,0,0,0,0,0,1,0,0,0
0.1270521,0.5221901,0,0,0,1,0,0,0,0,0,0,0,0,0,1,0,0,0,0,0,0
0.1270521,0.5974194,0,0,0,0,0,0,0,0,0,0,0,1,0,0,0,0,0,0,0,1
0.1270521,0.6856902,0,1,0,0,0,0,0,0,0,0,0,0,0,0,0,0,0,0,1,0
0.1270521,0.7929766,0,0,0,1,0,0,0,0,0,0,0,0,0,0,1,0,0,0,0,0
0.1270521,0.9331586,0,0,1,0,0,0,0,0,0,0,0,0,0,0,0,0,0,1,0,0
0.1270521,1.116222,0,0,0,0,0,1,0,0,0,0,0,0,0,0,0,0,0,1,0,0
0.1270521,1.303821,0,0,0,0,1,0,0,0,0,0,0,0,0,0,0,0,0,0,0,1
0.1270521,1.495107,0,0,0,0,0,0,0,0,0,0,1,0,0,0,1,0,0,0,0,0
0.1270521,1.494924,0,0,0,0,0,0,0,0,0,0,1,0,0,0,0,0,0,0,1,0
0.1270521,1.392001,0,0,0,1,0,0,0,0,0,0,0,0,0,0,1,0,0,0,0,0
0.1270521,1.297147,0,0,0,0,0,0,0,0,0,0,0,0,1,0,0,0,0,0,1,0
0.1270521,1.279236,0,1,0,0,0,0,0,0,0,0,0,0,0,0,0,0,0,0,1,0
0.1270521,1.211566,0,0,0,0,0,0,1,0,0,0,0,0,0,0,0,0,0,0,1,0
0.1270521,1.129807,0,0,0,0,0,0,1,0,0,0,0,0,0,1,0,0,0,0,0,0
0.1270521,1.152718,0,0,0,0,0,0,0,0,0,0,0,1,0,0,1,0,0,0,0,0
0.1270521,1.182616,0,0,0,0,0,0,0,0,0,0,1,0,0,0,0,0,0,0,1,0
0.1270521,1.115692,0,0,0,0,0,0,1,0,0,0,0,0,0,1,0,0,0,0,0,0
0.1270521,1.039402,0,0,0,0,0,0,0,0,0,1,0,0,0,1,0,0,0,0,0,0
0.1270521,0.9753139,0,0,0,0,0,0,0,1,0,0,0,0,0,0,1,0,0,0,0,0
0.1270521,0.8980666,0,0,0,1,0,0,0,0,0,0,0,0,0,0,0,1,0,0,0,0
0.1270521,0.8780021,0,0,0,0,0,1,0,0,0,0,0,0,0,0,0,0,1,0,0,0
0.1270521,0.8863043,0,1,0,0,0,0,0,0,0,0,0,0,0,1,0,0,0,0,0,0
0.1270521,0.8661644,0,0,0,0,0,0,0,0,0,0,0,1,0,0,0,0,0,0,0,1
0.1270521,0.7958593,0,0,0,0,0,0,0,0,0,0,0,1,0,0,1,0,0,0,0,0
0.1270521,0.6359656,1,0,0,0,1,0,0,0,0,0,0,0,0,0,0,0,0,1,0,0
0.1270521,0.5323467,1,0,0,0,0,0,0,1,0,0,0,0,0,0,0,0,0,0,1,0
0.1270521,0.4653845,1,0,0,0,0,0,0,0,0,0,1,0,0,0,0,0,0,0,1,0
0.1270521,0.4008855,1,0,0,0,0,0,0,0,0,0,0,1,0,0,0,0,0,1,0,0
0.1270521,0.2835094,1,0,0,1,0,0,0,0,0,0,0,0,0,0,1,0,0,0,0,0
0.1270521,0.1996879,1,0,1,0,0,0,0,0,0,0,0,0,0,0,0,0,0,0,1,0
0.1270521,0.2378182,0,0,0,0,0,0,0,0,0,0,0,1,0,0,1,0,0,0,0,0
0.1270521,0.2061396,0,0,0,0,0,0,0,0,0,1,0,0,0,0,0,1,0,0,0,0
0.1270521,0.09237889,0,1,0,0,0,0,0,0,0,0,0,0,0,0,0,0,1,0,0,0
0.1270521,0.07060906,0,0,0,0,0,0,0,0,0,0,0,0,1,0,0,0,0,0,0,1
0.1270521,0.06734277,0,0,0,0,0,0,0,0,0,0,0,1,0,0,0,0,0,0,0,1
0.1270521,0.1150172,0,0,0,1,0,0,0,0,0,0,0,0,0,0,1,0,0,0,0,0
0.1270521,0.09368473,0,0,0,0,1,0,0,0,0,0,0,0,0,0,1,0,0,0,0,0
0.1270521,0.1432938,0,1,0,0,0,0,0,0,0,0,0,0,0,0,0,0,0,1,0,0
0.1270521,0.1829317,0,0,0,0,0,0,1,0,0,0,0,0,0,0,1,0,0,0,0,0
0.1270521,0.1858778,0,1,0,0,0,0,0,0,0,0,0,0,0,0,0,0,0,0,1,0
0.1270521,0.1065122,0,0,0,0,0,0,0,1,0,0,0,0,0,0,0,0,1,0,0,0
0.1270521,-0.002627471,0,0,0,0,0,0,0,0,0,1,0,0,0,0,0,0,0,0,0,1
0.1270521,-0.08360171,0,0,0,0,0,0,1,0,0,0,0,0,0,0,0,0,0,1,0,0
0.1270521,-0.1481182,0,0,0,0,0,0,0,0,0,1,0,0,0,0,0,0,0,1,0,0
0.1270521,-0.1903526,0,0,0,0,0,0,0,0,0,0,1,0,0,1,0,0,0,0,0,0
0.1270521,-0.2458582,0,0,0,0,0,0,0,0,0,0,0,1,0,1,0,0,0,0,0,0
0.1270521,-0.2911152,1,0,0,0,0,0,0,0,0,0,1,0,0,0,0,0,0,0,1,0
0.1270521,-0.3663092,1,0,0,0,0,0,0,0,0,0,0,1,0,1,0,0,0,0,0,0
0.1270521,-0.4399711,1,0,0,0,0,0,0,0,1,0,0,0,0,0,0,0,0,0,0,1
0.1270521,-0.4939434,0,0,0,0,0,0,0,0,0,1,0,0,0,0,0,0,1,0,0,0
0.1270521,-0.6091521,0,0,0,1,0,0,0,0,0,0,0,0,0,0,0,1,0,0,0,0
0.1270521,-0.6822409,0,0,0,0,1,0,0,0,0,0,0,0,0,0,0,0,0,1,0,0
0.1270521,-0.7369984,0,0,0,0,0,1,0,0,0,0,0,0,0,0,0,0,0,0,1,0
0.1270521,-0.7661526,0,0,0,1,0,0,0,0,0,0,0,0,0,0,1,0,0,0,0,0
0.1270521,-0.8453368,0,0,0,0,0,0,0,0,0,1,0,0,0,0,0,0,1,0,0,0
0.1270521,-0.9454589,0,0,0,0,1,0,0,0,0,0,0,0,0,0,0,0,1,0,0,0
0.1270521,-1.074355,0,0,0,0,1,0,0,0,0,0,0,0,0,0,0,0,0,1,0,0
0.1270521,-1.221947,0,0,0,0,0,0,0,0,1,0,0,0,0,0,1,0,0,0,0,0
