Date,Open,High,Low,Close,Volume,Adj Close
2015-12-31,205.130005,205.889999,203.869995,203.869995,102929500,199.584102
2015-12-30,207.110001,207.210007,205.759995,205.929993,63317700,201.600793
2015-12-29,206.509995,207.789993,206.470001,207.399994,92640700,203.039891
2015-12-28,204.860001,205.259995,203.940002,205.210007,65899900,200.895943
2015-12-24,205.720001,206.330002,205.419998,205.679993,48539600,201.356049
2015-12-23,204.690002,206.070007,204.580002,206.020004,110987200,201.688912
2015-12-22,202.720001,203.850006,201.550003,203.50,111026200,199.221885
2015-12-21,201.410004,201.880005,200.089996,201.669998,99094300,197.430355
2015-12-18,202.770004,202.929993,199.830002,200.020004,251393500,195.815048
2015-12-17,208.399994,208.479996,204.839996,204.860001,173092500,199.366778
2015-12-16,206.369995,208.389999,204.800003,208.029999,197017000,202.451774
2015-12-15,204.699997,206.110001,202.869995,205.029999,154069600,199.532218
2015-12-14,202.070007,203.050003,199.949997,202.899994,182385200,197.459328
2015-12-11,203.350006,204.139999,201.509995,201.880005,211173300,196.466689
2015-12-10,205.419998,207.429993,205.139999,205.869995,115196800,200.34969
2015-12-09,206.190002,208.679993,204.179993,205.339996,162401500,199.833903
2015-12-08,206.490005,208.289993,205.779999,206.949997,103372400,201.400732
2015-12-07,209.229996,209.729996,207.199997,208.350006,102027100,202.763201
2015-12-04,205.610001,209.970001,205.610001,209.619995,192913900,203.999135
2015-12-03,208.830002,209.149994,204.75,205.610001,166224200,200.096667
2015-12-02,210.619995,211.00,208.229996,208.529999,108441300,202.938367
2015-12-01,209.440002,210.820007,209.110001,210.679993,97858400,205.03071
2015-11-30,209.75,209.889999,208.559998,208.690002,112822700,203.09408
2015-11-27,209.429993,209.800003,208.860001,209.559998,37317800,203.940747
2015-11-25,209.50,209.740005,209.009995,209.320007,51980100,203.707192
2015-11-24,207.869995,209.830002,207.410004,209.350006,98874400,203.736386
2015-11-23,209.380005,209.979996,208.520004,209.070007,64931200,203.463895
2015-11-20,209.449997,210.119995,208.860001,209.309998,94011500,203.69745
2015-11-19,208.589996,209.050003,208.199997,208.550003,88220500,202.957835
2015-11-18,206.039993,208.899994,205.990005,208.729996,121342500,203.133001
2015-11-17,205.990005,207.039993,204.880005,205.470001,121123700,199.960422
2015-11-16,202.320007,205.690002,202.179993,205.619995,117645200,200.106394
2015-11-13,204.350006,204.669998,202.440002,202.539993,153577100,197.108981
2015-11-12,206.50,207.059998,204.820007,204.839996,121315200,199.34731
2015-11-11,208.880005,208.940002,207.660004,207.740005,67846000,202.169557
2015-11-10,207.509995,208.600006,207.190002,208.559998,75874600,202.967561
2015-11-09,209.309998,209.490005,206.949997,208.080002,131008700,202.500436
2015-11-06,209.740005,210.320007,208.460007,210.039993,110471500,204.407872
2015-11-05,210.429993,210.979996,209.089996,210.149994,78408700,204.514923
2015-11-04,211.350006,211.50,209.720001,210.360001,96224500,204.719298
2015-11-03,209.970001,211.660004,209.699997,211.00,95246100,205.342136
2015-11-02,208.320007,210.619995,208.169998,210.389999,86270800,204.748492
2015-10-30,209.059998,209.440002,207.740005,207.929993,131076900,202.35445
2015-10-29,208.350006,209.270004,208.210007,208.830002,90525500,203.230325
2015-10-28,207.00,208.979996,206.210007,208.949997,135906700,203.347103
2015-10-27,206.199997,207.00,205.789993,206.600006,77905800,201.060126
2015-10-26,207.300003,207.369995,206.559998,207.00,69033000,201.449394
2015-10-23,207.25,207.949997,206.300003,207.509995,144442300,201.945714
2015-10-22,202.979996,205.509995,201.850006,205.259995,174911700,199.756046
2015-10-21,203.610001,203.789993,201.649994,201.850006,102038000,196.437495
2015-10-20,202.850006,203.839996,202.550003,203.110001,78448500,197.663703
2015-10-19,202.50,203.369995,202.130005,203.369995,76523900,197.916726
2015-10-16,202.830002,203.289993,201.919998,203.270004,114580100,197.819417
2015-10-15,200.080002,202.360001,199.639999,202.350006,134142200,196.924088
2015-10-14,200.179993,200.869995,198.940002,199.289993,99106200,193.946128
2015-10-13,200.649994,202.160004,200.050003,200.25,88038700,194.880392
2015-10-12,201.419998,201.759995,200.910004,201.520004,56395600,196.116342
2015-10-09,201.380005,201.899994,200.580002,201.330002,107069200,195.931434
2015-10-08,198.949997,201.550003,198.589996,201.210007,153055200,195.814657
2015-10-07,198.899994,199.830002,197.479996,199.410004,124307300,194.06292
2015-10-06,198.309998,198.979996,197.00,197.789993,110274500,192.486349
2015-10-05,196.460007,198.740005,196.330002,198.470001,126320800,193.148123
2015-10-02,189.770004,195.029999,189.119995,195.00,211003300,189.771169
2015-10-01,192.080002,192.490005,189.820007,192.130005,131079000,186.978131
2015-09-30,190.369995,191.830002,189.440002,191.630005,163452000,186.491538
2015-09-29,188.270004,189.740005,186.929993,188.119995,159045600,183.075648
2015-09-28,191.779999,191.910004,187.639999,188.009995,178515900,182.968597
2015-09-25,194.639999,195.00,191.809998,192.850006,155054800,187.678826
2015-09-24,192.149994,193.449997,190.559998,192.899994,159378800,187.727473
2015-09-23,194.110001,194.669998,192.910004,193.600006,92790600,188.408715
2015-09-22,193.880005,194.460007,192.559998,193.910004,153890900,188.7104
2015-09-21,196.440002,197.679993,195.210007,196.460007,105726200,191.192026
2015-09-18,195.710007,198.679993,194.960007,195.449997,223657500,190.209099
2015-09-17,200.020004,202.889999,199.279999,199.729996,276046600,193.369028
2015-09-16,198.820007,200.410004,198.410004,200.179993,99581600,193.804693
2015-09-15,196.610001,198.990005,195.960007,198.460007,113806200,192.139485
2015-09-14,196.949997,197.009995,195.429993,196.009995,79452000,189.767501
2015-09-11,195.380005,196.820007,194.529999,196.740005,119691200,190.474262
2015-09-10,194.559998,197.220001,194.25,195.850006,158611100,189.612608
2015-09-09,199.320007,199.470001,194.350006,194.789993,149347700,188.586354
2015-09-08,195.940002,197.610001,195.169998,197.429993,116025700,191.142275
2015-09-04,192.850006,193.860001,191.610001,192.589996,207081000,186.456422
2015-09-03,196.259995,198.050003,194.960007,195.550003,152087800,189.322159
2015-09-02,194.619995,195.460007,192.419998,195.410004,160269300,189.186618
2015-09-01,193.119995,194.770004,190.729996,191.770004,256000400,185.662545
2015-08-31,198.110001,199.130005,197.009995,197.669998,163298800,191.374637
2015-08-28,198.50,199.839996,197.919998,199.279999,160414400,192.933362
2015-08-27,197.020004,199.419998,195.210007,199.270004,274143900,192.923686
2015-08-26,192.080002,194.789993,188.369995,194.460007,339257000,188.266877
2015-08-25,195.429993,195.449997,186.919998,187.270004,369833100,181.30586
2015-08-24,187.490005,197.479996,182.399994,189.50,507244300,183.464835
2015-08-21,201.729996,203.940002,197.520004,197.830002,346588500,191.529545
2015-08-20,206.509995,208.289993,203.899994,203.970001,194327900,197.473998
2015-08-19,209.089996,210.009995,207.350006,208.320007,172946000,201.685466
2015-08-18,210.259995,210.679993,209.699997,209.979996,71692700,203.292588
2015-08-17,208.710007,210.589996,208.160004,210.589996,79072600,203.883161
2015-08-14,208.429993,209.509995,208.259995,209.419998,72786500,202.750425
2015-08-13,208.729996,209.550003,208.009995,208.660004,89383300,202.014634
2015-08-12,207.110001,209.139999,205.360001,208.919998,172123700,202.266349
2015-08-11,208.970001,209.470001,207.759995,208.669998,126081400,202.024311
2015-08-10,209.279999,210.669998,209.279999,210.570007,80270700,203.863809
2015-08-07,208.160004,208.339996,206.869995,207.949997,117858000,201.32724
2015-08-06,210.289993,210.419998,207.649994,208.350006,116030800,201.71451
2015-08-05,210.449997,211.309998,209.729996,210.070007,85786800,203.379732
2015-08-04,209.699997,210.25,208.800003,209.380005,81820800,202.711705
2015-08-03,210.460007,210.529999,208.649994,209.789993,113965700,203.108636
2015-07-31,211.419998,211.449997,210.160004,210.50,103266900,203.796031
2015-07-30,210.160004,211.020004,209.419998,210.820007,91304400,204.105847
2015-07-29,209.479996,211.039993,209.309998,210.770004,105791300,204.057436
2015-07-28,207.789993,209.50,206.800003,209.330002,123544800,202.663295
2015-07-27,206.940002,207.550003,206.259995,206.789993,132361100,200.20418
2015-07-24,210.300003,210.369995,207.600006,208.00,117755000,201.37565
2015-07-23,211.529999,211.649994,209.75,210.179993,90509100,203.486215
2015-07-22,210.929993,211.770004,210.889999,211.369995,88667900,204.638318
2015-07-21,212.429993,212.740005,211.389999,211.75,77965000,205.006221
2015-07-20,212.75,213.179993,212.210007,212.589996,70446800,205.819465
2015-07-17,212.289993,212.550003,211.800003,212.479996,89030000,205.712968
2015-07-16,211.869995,212.300003,211.580002,212.300003,106683300,205.538708
2015-07-15,210.729996,211.279999,210.039993,210.610001,97914100,203.902528
2015-07-14,209.720001,211.050003,209.649994,210.679993,81709600,203.970291
2015-07-13,208.990005,209.899994,208.940002,209.770004,106069400,203.089284
2015-07-10,207.289993,207.979996,204.949997,207.479996,129456900,200.872207
2015-07-09,207.039993,207.350006,204.770004,204.899994,144113100,198.374373
2015-07-08,206.419998,206.759995,204.25,204.529999,164020100,198.016161
2015-07-07,206.960007,208.169998,204.110001,208.020004,173820200,201.395018
2015-07-06,205.770004,207.649994,205.529999,206.720001,117975400,200.136417
2015-07-02,208.070007,208.270004,206.809998,207.309998,104373700,200.707623
2015-07-01,207.729996,208.029999,206.559998,207.50,135979900,200.891574
2015-06-30,207.259995,207.320007,205.279999,205.850006,182925100,199.294129
2015-06-29,208.050003,209.830002,205.330002,205.419998,202621300,198.877816
2015-06-26,210.289993,210.580002,209.160004,209.820007,104174800,203.137694
2015-06-25,211.100006,211.25,209.770004,209.860001,97107400,203.176414
2015-06-24,211.720001,212.169998,210.470001,210.50,92307300,203.796031
2015-06-23,212.139999,212.440002,211.570007,212.039993,68476800,205.286979
2015-06-22,211.910004,212.589996,211.639999,211.889999,70696000,205.141762
2015-06-19,211.460007,211.550003,210.360001,210.809998,130478700,204.096156
2015-06-18,211.309998,213.339996,210.630005,212.779999,165867900,205.006216
2015-06-17,210.589996,211.320007,209.360001,210.589996,126708600,202.896224
2015-06-16,208.929993,210.350006,208.720001,210.25,85308200,202.568649
2015-06-15,208.639999,209.449997,207.789993,209.110001,124384200,201.470299
2015-06-12,210.639999,211.479996,209.679993,210.009995,135382400,202.337412
2015-06-11,211.479996,212.089996,211.199997,211.630005,73876400,203.898236
2015-06-10,209.369995,211.410004,209.300003,210.949997,134551300,203.243072
2015-06-09,208.449997,209.100006,207.690002,208.449997,105034700,200.834408
2015-06-08,209.639999,209.820007,208.389999,208.479996,89063300,200.863311
2015-06-05,209.949997,210.580002,208.979996,209.770004,121704700,202.10619
2015-06-04,211.070007,211.860001,209.75,210.130005,151882800,202.453038
2015-06-03,212.00,212.669998,211.330002,211.919998,87820900,204.177635
2015-06-02,211.020004,212.190002,210.270004,211.360001,91531000,203.638096
2015-06-01,211.940002,212.339996,210.619995,211.570007,93338800,203.840431
2015-05-29,212.380005,212.429993,210.820007,211.139999,124919600,203.426133
2015-05-28,212.330002,212.589996,211.630005,212.460007,74974600,204.697914
2015-05-27,211.25,212.979996,210.759995,212.699997,93214000,204.929137
2015-05-26,212.399994,212.910004,210.199997,210.699997,124308600,203.002206
2015-05-22,213.039993,213.539993,212.910004,212.990005,57433500,205.20855
2015-05-21,212.710007,213.75,212.509995,213.50,64764600,205.699912
2015-05-20,213.149994,213.779999,212.50,212.880005,76857500,205.102568
2015-05-19,213.240005,213.570007,212.690002,213.029999,72114600,205.247082
2015-05-18,212.240005,213.399994,212.160004,213.100006,74549700,205.314532
2015-05-15,212.440002,212.610001,211.860001,212.440002,76510100,204.678641
2015-05-14,211.240005,212.320007,210.910004,212.210007,95934000,204.457048
2015-05-13,210.470001,211.220001,209.740005,210.020004,94667900,202.347056
2015-05-12,209.610001,210.630005,208.619995,209.979996,119727600,202.308509
2015-05-11,211.570007,211.889999,210.520004,210.610001,75708100,202.915497
2015-05-08,210.880005,211.860001,210.779999,211.619995,155877300,203.888592
2015-05-07,207.919998,209.380005,207.520004,208.869995,88244900,201.239062
2015-05-06,209.559998,209.929993,206.759995,208.039993,135060200,200.439383
2015-05-05,211.029999,211.460007,208.729996,208.899994,113326200,201.267964
2015-05-04,211.229996,212.020004,211.100006,211.320007,70927200,203.599564
2015-05-01,209.399994,210.770004,209.279999,210.720001,103399700,203.021479
2015-04-30,209.880005,210.350006,207.619995,208.460007,161304900,200.844052
2015-04-29,210.369995,211.289993,209.600006,210.570007,125684900,202.876965
2015-04-28,210.740005,211.50,209.330002,211.440002,86863500,203.715175
2015-04-27,212.330002,212.479996,210.539993,210.770004,79358100,203.069655
2015-04-24,211.660004,211.970001,211.110001,211.649994,61327400,203.917495
2015-04-23,210.149994,211.940002,210.009995,211.160004,102585900,203.445406
2015-04-22,210.009995,210.850006,208.899994,210.630005,78264600,202.934771
2015-04-21,210.669998,210.860001,209.240005,209.600006,72559800,201.942402
2015-04-20,209.059998,210.25,208.960007,209.850006,92189500,202.183269
2015-04-17,208.940002,209.229996,207.009995,207.949997,191113200,200.352675
2015-04-16,210.029999,210.979996,209.789993,210.369995,68934900,202.68426
2015-04-15,210.050003,211.039993,209.949997,210.429993,99529300,202.742066
2015-04-14,208.850006,209.710007,208.100006,209.490005,75099900,201.83642
2015-04-13,209.869995,210.630005,209.029999,209.089996,74436600,201.451025
2015-04-10,209.199997,210.089996,208.960007,210.039993,72722900,202.366315
2015-04-09,207.779999,209.179993,207.190002,208.899994,85548900,201.267964
2015-04-08,207.550003,208.509995,207.080002,207.979996,89351900,200.381578
2015-04-07,207.860001,208.759995,207.240005,207.279999,81236300,199.707155
2015-04-06,205.369995,208.449997,205.210007,207.830002,114368200,200.237064
2015-04-02,205.619995,206.979996,205.399994,206.440002,86900900,198.897847
2015-04-01,206.389999,206.419998,204.509995,205.699997,137303600,198.184877
2015-03-31,207.259995,208.100006,206.360001,206.429993,126768700,198.888203
2015-03-30,206.979996,208.610001,206.960007,208.25,96180400,200.641718
2015-03-27,205.130005,205.949997,204.899994,205.740005,118939000,198.223424
2015-03-26,204.960007,206.369995,204.119995,205.270004,153067200,197.770594
2015-03-25,209.070007,209.350006,205.710007,205.759995,159521700,198.242683
2015-03-24,209.850006,210.399994,208.740005,208.820007,77805300,201.1909
2015-03-23,210.419998,211.110001,210.00,210.00,71784500,202.327783
2015-03-20,209.710007,211.020004,209.490005,210.410004,177715100,202.722807
2015-03-19,209.960007,210.470001,209.029999,209.50,117917300,200.949071
2015-03-18,207.389999,211.270004,206.619995,210.460007,228808500,201.869894
2015-03-17,207.690002,208.419998,206.979996,207.960007,94510400,199.471934
2015-03-16,206.710007,208.690002,205.860001,208.580002,136099200,200.066623
2015-03-13,206.770004,207.929993,204.580002,205.830002,162410900,197.428867
2015-03-12,205.259995,207.179993,205.199997,207.100006,93993500,198.647035
2015-03-11,205.289993,205.50,204.399994,204.50,110145700,196.153151
2015-03-10,206.710007,206.809998,204.929993,204.979996,157121300,196.613555
2015-03-09,207.740005,208.789993,207.550003,208.360001,89818900,199.855602
2015-03-06,209.419998,209.940002,207.100006,207.50,188128000,199.030703
2015-03-05,210.619995,210.800003,209.850006,210.460007,76873000,201.869894
2015-03-04,210.399994,210.490005,209.059998,210.229996,114497200,201.649271
2015-03-03,211.470001,212.050003,210.080002,211.119995,110325800,202.502945
2015-03-02,210.779999,212.059998,210.720001,211.990005,87491400,203.337445
2015-02-27,211.259995,211.580002,210.600006,210.660004,108076000,202.061728
2015-02-26,211.520004,211.710007,210.649994,211.380005,72697900,202.752342
2015-02-25,211.660004,212.240005,211.220001,211.630005,73061700,202.992138
2015-02-24,211.119995,212.050003,210.759995,211.809998,72472300,203.164784
2015-02-23,210.940002,211.210007,210.479996,211.210007,74411100,202.589282
2015-02-20,209.479996,211.330002,208.729996,211.240005,140896400,202.618057
2015-02-19,209.410004,210.419998,209.240005,209.979996,91462500,201.409475
2015-02-18,209.660004,210.220001,209.339996,210.130005,80652900,201.553362
2015-02-17,209.399994,210.320007,209.100006,210.110001,76968200,201.534174
2015-02-13,209.070007,209.839996,208.759995,209.779999,93670400,201.217641
2015-02-12,207.889999,208.990005,206.970001,208.919998,97545900,200.392743
2015-02-11,206.610001,207.449997,205.830002,206.929993,91087800,198.483961
2015-02-10,205.880005,207.119995,204.679993,206.809998,96164200,198.368863
2015-02-09,204.770004,205.639999,204.139999,204.630005,87219000,196.277849
2015-02-06,206.559998,207.240005,204.919998,205.550003,125672000,197.160297
2015-02-05,204.860001,206.300003,204.770004,206.119995,97953200,197.707024
2015-02-04,203.919998,205.380005,203.509995,204.059998,134306700,195.731107
2015-02-03,203.00,204.850006,202.550003,204.839996,124212900,196.47927
2015-02-02,200.050003,202.029999,197.860001,201.919998,163107000,193.678454
2015-01-30,200.570007,202.169998,199.130005,199.449997,197729700,191.309268
2015-01-29,200.380005,202.300003,198.679993,201.990005,173585400,193.745604
2015-01-28,204.169998,204.289993,199.910004,200.139999,168514300,191.971107
2015-01-27,202.970001,204.119995,201.740005,202.740005,134044600,194.464992
2015-01-26,204.710007,205.559998,203.850006,205.449997,92009700,197.064373
2015-01-23,205.789993,206.100006,204.809998,204.970001,117516800,196.603968
2015-01-22,203.990005,206.259995,202.330002,206.100006,174356000,197.687851
2015-01-21,201.50,203.660004,200.940002,203.080002,122942700,194.791111
2015-01-20,202.399994,202.720001,200.169998,202.059998,130991100,193.812739
2015-01-16,198.770004,201.820007,198.550003,201.630005,211879600,193.400297
2015-01-15,201.630005,202.009995,198.880005,199.020004,176613900,190.896826
2015-01-14,199.649994,201.100006,198.570007,200.860001,192991100,192.661721
2015-01-13,204.119995,205.479996,200.509995,202.080002,214553300,193.831927
2015-01-12,204.410004,204.600006,201.919998,202.649994,144396100,194.378654
2015-01-09,206.399994,206.419998,203.509995,204.25,158567300,195.913355
2015-01-08,204.009995,206.160004,203.990005,205.899994,147217800,197.496002
2015-01-07,201.419998,202.720001,200.880005,202.309998,125346700,194.052535
2015-01-06,202.089996,202.720001,198.860001,199.820007,209151400,191.664176
2015-01-05,204.169998,204.369995,201.350006,201.720001,169632600,193.48662
2015-01-02,206.380005,206.880005,204.179993,205.429993,121465900,197.045185
2014-12-31,207.990005,208.190002,205.389999,205.539993,130333800,197.150696
2014-12-30,208.210007,208.369995,207.509995,207.600006,73540800,199.126627
2014-12-29,208.220001,208.970001,208.139999,208.720001,79643900,200.200909
2014-12-26,208.309998,208.850006,208.25,208.440002,57326700,199.932338
2014-12-24,208.020004,208.339996,207.720001,207.770004,42963400,199.289687
2014-12-23,208.169998,208.229996,207.399994,207.75,122167900,199.270499
2014-12-22,206.75,207.470001,206.460007,207.470001,148318900,199.001929
2014-12-19,206.429993,207.330002,205.610001,206.520004,245084600,198.090707
2014-12-18,204.740005,212.970001,203.919998,206.779999,257633900,197.251418
2014-12-17,198.440002,202.339996,198.289993,201.789993,253910100,192.491355
2014-12-16,198.580002,202.399994,197.860001,197.910004,259543800,188.790159
2014-12-15,201.979996,202.529999,198.779999,199.509995,189965800,190.316421
2014-12-12,202.639999,203.820007,200.850006,200.889999,202330200,191.632834
2014-12-11,203.880005,206.190002,203.710007,204.190002,159012800,194.78077
2014-12-10,205.910004,205.979996,202.929993,203.160004,159856400,193.798235
2014-12-09,204.369995,206.600006,203.910004,206.470001,125180100,196.955705
2014-12-08,207.520004,208.119995,205.929993,206.610001,108588200,197.089253
2014-12-05,207.869995,208.470001,207.550003,208.00,91025500,198.4152
2014-12-04,207.539993,208.270004,206.699997,207.660004,91316600,198.090871
2014-12-03,207.300003,208.149994,207.100006,207.889999,68952000,198.310269
2014-12-02,205.809998,207.339996,205.779999,207.089996,74507200,197.54713
2014-12-01,206.399994,206.539993,205.380005,205.759995,103968400,196.278416
2014-11-28,207.490005,207.869995,206.910004,207.199997,57890100,197.652062
2014-11-26,207.289993,207.759995,207.029999,207.639999,62167800,198.071789
2014-11-25,207.539993,207.789993,206.800003,207.110001,79108300,197.566213
2014-11-24,207.169998,207.389999,206.910004,207.259995,65880800,197.709295
2014-11-21,207.639999,207.839996,205.979996,206.679993,142327300,197.15602
2014-11-20,204.259995,205.710007,204.179993,205.580002,72840300,196.106717
2014-11-19,205.309998,205.550003,204.300003,205.220001,82373000,195.763306
2014-11-18,204.440002,205.919998,204.440002,205.550003,76068100,196.078101
2014-11-17,203.850006,204.580002,203.649994,204.369995,80441000,194.952469
2014-11-14,204.100006,204.490005,203.720001,204.240005,80417500,194.828469
2014-11-13,204.160004,204.830002,203.210007,204.190002,85357900,194.78077
2014-11-12,203.350006,204.240005,203.309998,203.960007,90120300,194.561373
2014-11-11,204.059998,204.309998,203.649994,204.179993,54499400,194.771222
2014-11-10,203.380005,204.039993,203.130005,203.979996,66319000,194.580441
2014-11-07,203.169998,203.600006,202.610001,203.339996,89540000,193.969933
2014-11-06,202.389999,203.259995,201.639999,203.149994,107089000,193.788686
2014-11-05,202.539993,202.589996,201.449997,202.339996,91709000,193.016014
2014-11-04,201.229996,201.600006,200.059998,201.070007,93343000,191.804547
2014-11-03,201.919998,202.449997,201.309998,201.770004,93600000,192.472287
2014-10-31,201.779999,201.820007,200.770004,201.660004,146903000,192.367356
2014-10-30,197.580002,199.949997,197.399994,199.380005,113330000,190.192421
2014-10-29,198.550003,199.119995,196.800003,198.110001,142557000,188.98094
2014-10-28,196.820007,198.419998,196.729996,198.410004,106736000,189.267118
2014-10-27,195.729996,196.449997,195.029999,196.160004,82954000,187.1208
2014-10-24,195.25,196.490005,194.490005,196.429993,117927000,187.378348
2014-10-23,194.619995,196.199997,194.259995,194.929993,154944000,185.947469
2014-10-22,194.410004,194.910004,192.610001,192.690002,151822000,183.810699
2014-10-21,191.679993,194.199997,191.479996,194.070007,154949000,185.127112
2014-10-20,188.130005,190.449997,188.070007,190.300003,130011000,181.530833
2014-10-17,188.419998,189.75,187.619995,188.470001,214625000,179.785159
2014-10-16,183.059998,187.580002,182.889999,186.270004,270391000,177.686539
2014-10-15,185.160004,187.690002,181.919998,186.429993,380715000,177.839155
2014-10-14,188.419998,189.820007,187.039993,187.699997,215847000,179.050637
2014-10-13,190.460007,191.149994,187.300003,187.410004,230939000,178.774007
2014-10-10,192.690002,193.649994,190.490005,190.539993,221909000,181.759764
2014-10-09,196.330002,196.600006,192.580002,192.740005,210705000,183.858398
2014-10-08,193.369995,196.919998,192.360001,196.639999,186461000,187.578677
2014-10-07,195.279999,195.720001,193.220001,193.259995,147913000,184.354426
2014-10-06,197.339996,197.600006,195.580002,196.289993,104778000,187.2448
2014-10-03,195.679993,196.940002,195.080002,196.520004,121569000,187.464212
2014-10-02,194.179993,195.059998,192.350006,194.380005,157285000,185.422825
2014-10-01,196.699997,196.770004,193.910004,194.350006,177798000,185.394209
2014-09-30,197.690002,198.300003,196.610001,197.020004,131302000,187.941171
2014-09-29,196.199997,197.889999,196.050003,197.539993,95112000,188.437199
2014-09-26,196.699997,198.389999,196.419998,197.899994,103547000,188.78061
2014-09-25,199.039993,199.050003,196.270004,196.339996,150300000,187.292498
2014-09-24,198.039993,199.690002,197.520004,199.559998,107276000,190.36412
2014-09-23,198.429993,199.259995,197.949997,198.009995,111393000,188.885542
2014-09-22,200.350006,200.380005,198.729996,199.149994,125553000,189.973009
2014-09-19,201.520004,201.899994,200.289993,200.699997,121649000,191.451587
2014-09-18,201.360001,201.850006,201.100006,201.820007,94990000,191.624252
2014-09-17,200.770004,201.679993,199.75,200.75,151266000,190.608301
2014-09-16,198.610001,200.839996,198.50,200.479996,116201000,190.351937
2014-09-15,199.160004,199.320007,198.380005,198.979996,76401000,188.927716
2014-09-12,200.100006,200.119995,198.559998,199.130005,117409300,189.070146
2014-09-11,199.270004,200.330002,199.119995,200.300003,66774400,190.181037
2014-09-10,199.429993,200.199997,198.770004,200.070007,67251000,189.962661
2014-09-09,200.410004,200.550003,198.910004,199.320007,88591000,189.25055
2014-09-08,200.919998,201.210007,200.00,200.589996,64146000,190.45638
2014-09-05,200.169998,201.190002,199.410004,201.110001,102177000,190.950115
2014-09-04,200.839996,201.580002,199.660004,200.210007,85236000,190.095588
2014-09-03,201.380005,201.410004,200.220001,200.50,57462000,190.370931
2014-09-02,200.970001,201.00,199.860001,200.610001,72426000,190.475374
2014-08-29,200.449997,200.729996,199.820007,200.710007,65907000,190.570328
2014-08-28,199.589996,200.270004,199.389999,200.139999,58330000,190.029117
2014-08-27,200.429993,200.570007,199.940002,200.25,47874000,190.13356
2014-08-26,200.330002,200.820007,200.279999,200.330002,47298000,190.209521
2014-08-25,200.139999,200.589996,199.149994,200.199997,63855000,190.086083
2014-08-22,199.339996,199.690002,198.740005,199.190002,76107000,189.127113
2014-08-21,199.089996,199.759995,198.929993,199.50,67791000,189.42145
2014-08-20,198.119995,199.160004,198.080002,198.919998,72763000,188.870749
2014-08-19,197.839996,198.539993,197.440002,198.389999,59135000,188.367525
2014-08-18,196.800003,197.449997,196.690002,197.360001,75424000,187.389561
2014-08-15,196.470001,196.649994,194.309998,195.720001,139951000,185.832413
2014-08-14,195.160004,195.759995,194.979996,195.759995,57371000,185.870386
2014-08-13,194.289993,195.059998,193.960007,194.839996,69047000,184.996865
2014-08-12,193.610001,194.149994,192.940002,193.529999,73632000,183.753047
2014-08-11,193.970001,194.660004,193.710007,193.800003,74544000,184.009411
2014-08-08,191.460007,193.369995,190.949997,193.240005,117014000,183.477704
2014-08-07,192.940002,193.130005,190.550003,191.029999,135733000,181.379345
2014-08-06,191.110001,192.889999,191.080002,192.070007,94818000,182.366813
2014-08-05,193.100006,193.600006,191.309998,192.009995,152690000,182.309832
2014-08-04,192.869995,194.300003,192.050003,193.889999,91340000,184.094861
2014-08-01,192.559998,193.759995,191.570007,192.50,189261000,182.775083
2014-07-31,195.610001,195.779999,192.970001,193.089996,183479000,183.335273
2014-07-30,197.649994,197.910004,196.160004,196.979996,104222000,187.028754
2014-07-29,198.169998,198.449997,196.919998,196.949997,80466000,187.00027
2014-07-28,197.759995,198.089996,196.619995,197.800003,69259000,187.807335
2014-07-25,198.089996,198.259995,197.330002,197.720001,76837000,187.731375
2014-07-24,198.830002,199.059998,198.449997,198.649994,56888000,188.614385
2014-07-23,198.50,198.850006,198.100006,198.639999,65612000,188.604895
2014-07-22,198.009995,198.559998,197.869995,198.199997,67678000,188.187122
2014-07-21,197.089996,197.50,196.429993,197.339996,67592000,187.370567
2014-07-18,196.350006,197.910004,196.240005,197.710007,124330000,187.721885
2014-07-17,197.350006,198.100006,195.429993,195.710007,145398000,185.822923
2014-07-16,198.110001,198.259995,197.419998,197.960007,79986400,187.959255
2014-07-15,197.720001,198.100006,196.360001,197.229996,111307000,187.266124
2014-07-14,197.610001,197.860001,197.440002,197.600006,58658000,187.617442
2014-07-11,196.220001,196.75,195.779999,196.610001,64243000,186.67745
2014-07-10,195.220001,196.860001,195.059998,196.339996,99040000,186.421086
2014-07-09,196.729996,197.300003,196.309998,197.119995,72992000,187.16168
2014-07-08,197.149994,197.220001,195.759995,196.240005,108143000,186.326147
2014-07-07,197.820007,197.979996,197.220001,197.509995,61696000,187.531977
2014-07-03,197.789993,198.289993,197.639999,198.199997,52938800,188.187122
2014-07-02,197.050003,197.479996,196.960007,197.229996,52475000,187.266124
2014-07-01,196.199997,197.630005,196.130005,197.029999,90470000,187.076231
2014-06-30,195.699997,196.169998,195.529999,195.720001,70201200,185.832413
2014-06-27,194.979996,195.880005,194.889999,195.820007,71445100,185.927367
2014-06-26,195.610001,195.630005,194.130005,195.440002,84312000,185.566559
2014-06-25,194.289993,195.779999,194.25,195.580002,82782000,185.699486
2014-06-24,195.529999,196.50,194.479996,194.699997,96237000,184.863938
2014-06-23,195.990005,196.050003,195.520004,195.880005,70611000,185.984333
2014-06-20,196.029999,196.100006,195.699997,195.940002,100587000,186.0413
2014-06-19,196.429993,196.600006,195.800003,196.479996,85929000,185.664354
2014-06-18,194.830002,196.369995,194.399994,196.259995,105267000,185.456464
2014-06-17,194.020004,194.970001,193.809998,194.830002,84834000,184.105188
2014-06-16,193.889999,194.699997,193.660004,194.289993,87424000,183.594905
2014-06-13,193.919998,194.320007,193.300003,194.130005,82017000,183.443724
2014-06-12,194.690002,194.800003,193.110001,193.539993,106350000,182.88619
2014-06-11,194.899994,195.119995,194.479996,194.919998,68772000,184.19023
2014-06-10,195.339996,195.639999,194.919998,195.600006,57129000,184.832806
2014-06-09,195.350006,196.050003,195.169998,195.580002,65119000,184.813903
2014-06-06,194.869995,195.429993,194.779999,195.380005,78696000,184.624915
2014-06-05,193.410004,194.649994,192.699997,194.449997,92103000,183.746101
2014-06-04,192.470001,193.300003,192.270004,193.190002,55529000,182.555466
2014-06-03,192.429993,192.899994,192.25,192.800003,65047000,182.186934
2014-06-02,192.949997,192.990005,191.970001,192.899994,64656000,182.281421
2014-05-30,192.190002,192.800003,192.029999,192.679993,76316000,182.07353
2014-05-29,191.820007,192.399994,191.330002,192.369995,64377000,181.780597
2014-05-28,191.520004,191.820007,191.059998,191.380005,66723000,180.845103
2014-05-27,191.059998,191.580002,190.949997,191.520004,72010000,180.977396
2014-05-23,189.759995,190.479996,189.589996,190.350006,61092800,179.871803
2014-05-22,189.179993,189.979996,188.860001,189.589996,61549000,179.153629
2014-05-21,188.089996,189.220001,188.059998,189.130005,89093000,178.718959
2014-05-20,188.649994,188.669998,187.070007,187.550003,111644000,177.225931
2014-05-19,187.690002,188.889999,187.520004,188.740005,63839000,178.350428
2014-05-16,187.509995,188.130005,186.720001,188.050003,97458000,177.698408
2014-05-15,188.679993,188.720001,186.479996,187.399994,154956000,177.08418
2014-05-14,189.789993,189.880005,188.789993,189.059998,72367000,178.652805
2014-05-13,190.039993,190.419998,189.770004,189.960007,66454000,179.503272
2014-05-12,188.800003,189.880005,188.00,189.789993,86940000,179.342617
2014-05-09,187.710007,188.039993,186.830002,187.960007,83679000,177.613366
2014-05-08,187.710007,189.050003,187.080002,187.679993,93618000,177.348766
2014-05-07,187.410004,187.970001,186.009995,187.880005,106500000,177.537768
2014-05-06,188.00,188.130005,186.740005,186.779999,85454000,176.498314
2014-05-05,187.139999,188.550003,186.619995,188.419998,75883000,178.048036
2014-05-02,188.309998,189.139999,187.779999,188.059998,98122000,177.707852
2014-05-01,188.220001,188.839996,187.729996,188.330002,93019000,177.962994
2014-04-30,187.440002,188.50,187.179993,188.309998,101508000,177.94409
2014-04-29,187.479996,188.039993,187.080002,187.75,84098000,177.414919
2014-04-28,187.050003,187.690002,184.960007,186.880005,135121000,176.592815
2014-04-25,187.220001,187.330002,185.869995,186.289993,100380000,176.035281
2014-04-24,188.369995,188.389999,186.929993,187.830002,88170000,177.490517
2014-04-23,187.820007,187.919998,187.300003,187.449997,73869000,177.13143
2014-04-22,187.229996,188.399994,187.130005,187.889999,85790000,177.547212
2014-04-21,186.440002,187.100006,186.210007,187.039993,68329000,176.743996
2014-04-17,185.880005,186.910004,185.559998,186.389999,105255000,176.129783
2014-04-16,185.470001,186.139999,184.649994,186.130005,105197000,175.8841
2014-04-15,183.320007,184.330002,181.509995,184.199997,157093000,174.060333
2014-04-14,182.929993,183.369995,181.440002,182.940002,132382000,172.869698
2014-04-11,182.139999,183.419998,181.309998,181.509995,167251000,171.518407
2014-04-10,187.080002,187.169998,182.929993,183.160004,172959000,173.077588
2014-04-09,185.600006,187.149994,185.059998,187.089996,100254000,176.791247
2014-04-08,184.259995,185.399994,183.589996,185.100006,112660000,174.9108
2014-04-07,185.949997,186.259995,183.960007,184.339996,140803000,174.192626
2014-04-04,189.660004,189.699997,186.100006,186.399994,169381000,176.139227
2014-04-03,189.169998,189.220001,188.050003,188.630005,77435000,178.246482
2014-04-02,188.490005,189.130005,188.139999,188.880005,78774000,178.482721
2014-04-01,187.619995,188.360001,187.00,188.25,89193000,177.887396
2014-03-31,186.669998,187.300003,185.520004,187.009995,99745000,176.715649
2014-03-28,185.110001,186.419998,185.00,185.490005,101642000,175.279331
2014-03-27,184.75,185.339996,183.899994,184.580002,142383000,174.41942
2014-03-26,187.039993,187.339996,184.919998,184.970001,119843000,174.787951
2014-03-25,186.369995,186.940002,185.270004,186.309998,103852000,176.054185
2014-03-24,186.839996,187.070007,184.619995,185.429993,121411000,175.222621
2014-03-21,187.710007,189.020004,186.029999,186.199997,163128000,175.950239
2014-03-20,186.25,187.889999,185.919998,187.75,117241000,176.635325
2014-03-19,187.679993,187.940002,185.470001,186.660004,176267300,175.609856
2014-03-18,186.710007,187.910004,186.509995,187.660004,101804600,176.550657
2014-03-17,185.589996,186.770004,185.509995,186.330002,98359500,175.29939
2014-03-14,184.850006,185.800003,184.440002,184.660004,153919600,173.728255
2014-03-13,187.839996,187.990005,184.660004,185.179993,155014300,174.217461
2014-03-12,186.320007,187.350006,185.899994,187.279999,104824400,176.193148
2014-03-11,188.440002,188.710007,186.800003,187.229996,99009100,176.146105
2014-03-10,187.970001,188.229996,187.080002,188.160004,74939200,177.021057
2014-03-07,188.960007,188.960007,187.429993,188.259995,114513500,177.115128
2014-03-06,188.210007,188.610001,187.779999,188.179993,82516500,177.039863
2014-03-05,187.740005,188.070007,187.449997,187.75,88376900,176.635325
2014-03-04,186.789993,187.979996,186.75,187.580002,167545900,176.475391
2014-03-03,184.649994,185.449997,183.75,184.979996,167748500,174.029303
2014-02-28,185.789993,187.149994,185.050003,186.289993,150842000,175.26175
2014-02-27,184.580002,185.869995,184.369995,185.820007,93880800,174.819587
2014-02-26,185.110001,185.600006,184.330002,184.850006,98677200,173.907009
2014-02-25,185.059998,185.589996,184.229996,184.839996,117085000,173.897592
2014-02-24,184.279999,186.149994,184.199997,184.910004,114063900,173.963455
2014-02-21,184.449997,184.889999,183.800003,183.889999,118116400,173.003834
2014-02-20,183.270004,184.520004,182.600006,184.100006,104998100,173.201409
2014-02-19,183.759995,184.949997,182.869995,183.020004,126524300,172.185342
2014-02-18,184.179993,184.490005,183.649994,184.240005,80460900,173.33312
2014-02-14,182.839996,184.360001,182.669998,184.020004,96498400,173.126143
2014-02-13,180.839996,183.199997,180.830002,183.009995,100542200,172.175925
2014-02-12,182.25,182.830002,181.710007,182.070007,94717700,171.291584
2014-02-11,180.160004,182.440002,180.039993,181.979996,117814100,171.206901
2014-02-10,179.699997,180.070007,179.210007,180.009995,92218800,169.353523
2014-02-07,178.309998,179.869995,177.729996,179.679993,170787200,169.043057
2014-02-06,175.580002,177.479996,175.220001,177.479996,132877600,166.973298
2014-02-05,174.779999,175.559998,173.710007,175.169998,164230500,164.800051
2014-02-04,174.949997,175.839996,174.110001,175.389999,165012400,165.007028
2014-02-03,177.970001,178.369995,173.830002,174.169998,254837100,163.85925
2014-01-31,177.009995,179.289993,176.919998,178.179993,194677900,167.631856
2014-01-30,178.830002,179.809998,178.259995,179.229996,118938100,168.619699
2014-01-29,177.580002,178.550003,176.880005,177.350006,216597300,166.851004
2014-01-28,178.139999,179.300003,178.119995,179.070007,110463200,168.469182
2014-01-27,179.059998,179.520004,177.119995,178.009995,180843100,167.471922
2014-01-24,181.600006,181.660004,178.830002,178.889999,208677100,168.299831
2014-01-23,183.369995,183.399994,181.820007,182.789993,132496900,171.968948
2014-01-22,184.490005,184.570007,183.910004,184.300003,61270900,173.389566
2014-01-21,184.699997,184.770004,183.050003,184.179993,88621200,173.27666
2014-01-17,184.100006,184.449997,183.320007,183.639999,107848700,172.768634
2014-01-16,184.279999,184.660004,183.830002,184.419998,72290600,173.502457
2014-01-15,184.100006,184.940002,183.710007,184.660004,98525800,173.728255
2014-01-14,182.289993,183.770004,181.949997,183.669998,105016100,172.796857
2014-01-13,183.669998,184.179993,181.339996,181.690002,149892000,170.934075
2014-01-10,183.949997,184.220001,183.009995,184.139999,102026400,173.239034
2014-01-09,184.110001,184.130005,182.800003,183.639999,90683400,172.768634
2014-01-08,183.449997,183.830002,182.889999,183.520004,96582300,172.655742
2014-01-07,183.089996,183.789993,182.949997,183.479996,86144200,172.618102
2014-01-06,183.490005,183.559998,182.080002,182.360001,108028200,171.56441
2014-01-03,183.229996,183.600006,182.630005,182.889999,81390600,172.063033
2014-01-02,183.979996,184.070007,182.479996,182.919998,119636900,172.091256
2013-12-31,184.070007,184.690002,183.929993,184.690002,86119900,173.756477
2013-12-30,183.869995,184.020004,183.580002,183.820007,56857000,172.937985
2013-12-27,184.100006,184.179993,183.660004,183.850006,61814000,172.966208
2013-12-26,183.339996,183.960007,183.320007,183.860001,63365000,172.975611
2013-12-24,182.539993,183.009995,182.529999,182.929993,45368800,172.100659
2013-12-23,182.449997,182.639999,182.070007,182.529999,85598000,171.724345
2013-12-20,180.690002,181.990005,180.570007,181.559998,197087000,170.811767
2013-12-19,181.179993,181.699997,180.710007,181.490005,136531200,169.823941
2013-12-18,178.919998,181.729996,177.320007,181.699997,234906000,170.020434
2013-12-17,179.380005,179.410004,178.25,178.649994,89886000,167.166484
2013-12-16,178.949997,179.809998,178.899994,179.220001,96195000,167.699851
2013-12-13,178.50,178.660004,177.770004,178.110001,107808000,166.661201
2013-12-12,178.639999,178.860001,177.759995,178.130005,115565000,166.679919
2013-12-11,180.820007,180.850006,178.50,178.720001,130591000,167.231991
2013-12-10,180.979996,181.360001,180.639999,180.75,80976000,169.131503
2013-12-09,181.470001,181.669998,181.160004,181.399994,70124000,169.739715
2013-12-06,180.669998,181.110001,180.149994,180.940002,127728000,169.309292
2013-12-05,179.410004,179.740005,178.770004,178.940002,106934000,167.43785
2013-12-04,179.100006,180.479996,178.350006,179.729996,123033000,168.177063
2013-12-03,179.940002,180.389999,179.169998,179.75,116563000,168.195782
2013-12-02,181.089996,181.429993,180.25,180.529999,99726000,168.925643
2013-11-29,181.320007,181.75,180.800003,181.00,55870900,169.365433
2013-11-27,180.869995,181.240005,180.649994,181.119995,58800000,169.477715
2013-11-26,180.720001,181.220001,180.410004,180.679993,86994000,169.065995
2013-11-25,181.130005,181.169998,180.369995,180.630005,79486000,169.019221
2013-11-22,179.979996,180.830002,179.770004,180.809998,81296000,169.187643
2013-11-21,178.970001,180.050003,178.860001,179.910004,92841000,168.345501
2013-11-20,179.389999,179.929993,177.979996,178.470001,124909000,166.998061
2013-11-19,179.330002,179.869995,178.720001,179.029999,93891000,167.522062
2013-11-18,180.350006,180.50,179.020004,179.419998,104796000,167.886992
2013-11-15,179.559998,180.119995,179.330002,180.050003,102818000,168.476501
2013-11-14,178.539993,179.419998,178.25,179.270004,103435000,167.74664
2013-11-13,176.089996,178.429993,176.089996,178.380005,103844000,166.913849
2013-11-12,176.940002,177.360001,176.369995,176.960007,83990000,165.585128
2013-11-11,177.119995,177.529999,176.910004,177.320007,62614000,165.921988
2013-11-08,174.869995,177.309998,174.850006,177.289993,136713000,165.893903
2013-11-07,177.50,177.639999,174.759995,174.929993,157000000,163.685602
2013-11-06,177.029999,177.50,176.539993,177.169998,87348000,165.781621
2013-11-05,176.139999,176.75,175.570007,176.270004,85825000,164.939478
2013-11-04,176.690002,176.899994,175.979996,176.830002,85677000,165.463479
2013-11-01,176.020004,176.610001,175.220001,176.210007,142805000,164.883337
2013-10-31,176.149994,176.889999,175.529999,175.789993,133795000,164.490322
2013-10-30,177.380005,177.509995,175.660004,176.289993,140002000,164.958182
2013-10-29,176.630005,177.240005,176.380005,177.169998,87401000,165.781621
2013-10-28,175.889999,176.470001,175.699997,176.229996,84979000,164.902041
2013-10-25,175.509995,176.00,175.169998,175.949997,93625000,164.640041
2013-10-24,174.919998,175.369995,174.509995,175.149994,70350000,163.891461
2013-10-23,174.809998,174.889999,173.960007,174.570007,105484000,163.348756
2013-10-22,174.910004,175.929993,174.429993,175.410004,126663000,164.134758
2013-10-21,174.449997,174.75,174.009995,174.399994,104104000,163.189671
2013-10-18,173.860001,174.509995,173.509995,174.389999,138316000,163.180319
2013-10-17,171.369995,173.320007,171.339996,173.220001,129389000,162.085527
2013-10-16,170.720001,172.160004,170.639999,172.070007,161676000,161.009454
2013-10-15,170.509995,171.149994,169.470001,169.699997,155485000,158.791787
2013-10-14,169.210007,171.080002,169.080002,170.940002,112106000,159.952086
2013-10-11,168.910004,170.320007,168.770004,170.259995,105040000,159.315788
2013-10-10,167.289993,169.259995,167.229996,169.169998,195955000,158.295856
2013-10-09,165.800003,166.199997,164.529999,165.600006,168973000,154.955341
2013-10-08,167.399994,167.619995,165.360001,165.479996,178015000,154.843045
2013-10-07,167.419998,168.449997,167.25,167.429993,96295000,156.667697
2013-10-04,167.75,169.059998,167.529999,168.889999,96878000,158.033855
2013-10-03,168.789993,168.940002,166.839996,167.619995,176698000,156.845486
2013-10-02,168.350006,169.339996,167.830002,169.179993,113350000,158.305208
2013-10-01,168.139999,169.50,167.970001,169.339996,127160000,158.454927
2013-09-30,167.479996,168.539993,167.149994,168.009995,143937000,157.210417
2013-09-27,168.839996,169.139999,168.470001,168.910004,99141800,158.052574
2013-09-26,169.320007,170.169998,169.050003,169.690002,77146900,158.782435
2013-09-25,169.639999,169.979996,168.889999,169.039993,117306500,158.174208
2013-09-24,169.899994,170.529999,169.210007,169.529999,106333100,158.632716
2013-09-23,170.490005,170.649994,169.389999,169.929993,104616500,159.006999
2013-09-20,172.330002,172.330002,170.580002,170.720001,132867100,159.746226
2013-09-19,173.520004,173.600006,172.589996,172.759995,146616900,160.87095
2013-09-18,171.009995,173.520004,170.580002,173.050003,203460600,161.141001
2013-09-17,170.460007,171.110001,170.460007,171.070007,82523300,159.297265
2013-09-16,171.160004,171.240005,170.039993,170.309998,106299200,158.589558
2013-09-13,169.130005,169.460007,168.740005,169.330002,72727800,157.677004
2013-09-12,169.339996,169.559998,168.720001,168.949997,83209000,157.32315
2013-09-11,168.639999,169.399994,168.350006,169.399994,94545900,157.742179
2013-09-10,168.639999,168.899994,168.259995,168.869995,105847200,157.248654
2013-09-09,166.449997,167.729996,166.449997,167.630005,87559300,156.093998
2013-09-06,166.509995,166.979996,164.479996,166.039993,159756500,154.613408
2013-09-05,165.850006,166.399994,165.729996,165.960007,63090500,154.538926
2013-09-04,164.429993,166.029999,164.130005,165.75,97389400,154.343372
2013-09-03,165.229996,165.580002,163.699997,164.389999,142375100,153.076964
2013-08-30,164.509995,164.529999,163.169998,163.649994,134928900,152.387884
2013-08-29,163.550003,165.039993,163.399994,164.169998,119200500,152.872103
2013-08-28,163.259995,164.490005,163.050003,163.910004,108113000,152.630001
2013-08-27,164.360001,166.00,163.210007,163.330002,158619400,152.089913
2013-08-26,166.789993,167.300003,165.889999,166.00,89702100,154.576167
2013-08-23,166.550003,166.830002,165.770004,166.619995,90888900,155.153495
2013-08-22,164.899994,166.300003,164.889999,166.059998,101471400,154.632036
2013-08-21,165.119995,166.029999,164.190002,164.559998,159530500,153.235263
2013-08-20,165.039993,166.199997,164.860001,165.580002,89294400,154.185072
2013-08-19,165.639999,166.210007,164.759995,164.770004,96437600,153.430817
2013-08-16,166.059998,166.630005,165.50,165.830002,130868200,154.417868
2013-08-15,167.410004,167.429993,166.089996,166.380005,152931800,154.930021
2013-08-14,169.529999,169.800003,168.699997,168.740005,79829200,157.12761
2013-08-13,169.410004,169.899994,168.410004,169.610001,80806000,157.937734
2013-08-12,168.460007,169.309998,168.380005,169.110001,68593300,157.472143
2013-08-09,169.580002,170.100006,168.720001,169.309998,91757700,157.658376
2013-08-08,169.979996,170.179993,168.929993,169.800003,102181300,158.11466
2013-08-07,169.190002,169.429993,168.550003,169.179993,84854700,157.537318
2013-08-06,170.369995,170.740005,169.350006,169.729996,87495000,158.049471
2013-08-05,170.570007,170.960007,170.350006,170.699997,54072700,158.952718
2013-08-02,170.279999,170.970001,170.050003,170.949997,91116700,159.185514
2013-08-01,169.990005,170.809998,169.899994,170.660004,110438400,158.915477
2013-07-31,168.940002,169.850006,168.490005,168.710007,142388700,157.099676
2013-07-30,169.100006,169.279999,168.190002,168.589996,85209600,156.987924
2013-07-29,168.679993,169.059998,168.110001,168.589996,79695000,156.987924
2013-07-26,168.220001,169.160004,167.520004,169.110001,107814600,157.472143
2013-07-25,168.220001,169.080002,167.940002,168.929993,111088600,157.304523
2013-07-24,169.789993,169.860001,168.179993,168.520004,112914000,156.922749
2013-07-23,169.800003,169.830002,169.050003,169.139999,80829700,157.500077
2013-07-22,169.410004,169.740005,169.009995,169.50,79428600,157.835303
2013-07-19,168.520004,169.229996,168.309998,169.169998,103831700,157.528011
2013-07-18,168.309998,169.270004,168.199997,168.869995,103620100,157.248654
2013-07-17,168.160004,168.479996,167.729996,167.949997,92873900,156.391969
2013-07-16,168.259995,168.360001,167.070007,167.520004,88702100,155.991567
2013-07-15,167.970001,168.389999,167.679993,168.149994,69450600,156.578202
2013-07-12,167.389999,167.929993,167.130005,167.509995,104212700,155.982246
2013-07-11,167.110001,167.610001,165.179993,167.440002,135592200,155.917071
2013-07-10,164.970001,165.75,164.630005,165.190002,121410100,153.821912
2013-07-09,164.979996,165.330002,164.270004,165.130005,119298000,153.766043
2013-07-08,163.860001,164.389999,163.080002,163.949997,108092500,152.667242
2013-07-05,162.470001,163.080002,161.300003,163.020004,122416900,151.801249
2013-07-03,160.479996,161.770004,160.220001,161.279999,75216400,150.180988
2013-07-02,161.119995,162.300003,160.50,161.210007,154863700,150.115813
2013-07-01,161.259995,162.479996,161.080002,161.360001,131954800,150.255484
2013-06-28,160.630005,161.399994,159.860001,160.419998,160402900,149.380171
2013-06-27,161.100006,161.820007,160.949997,161.080002,129483700,149.994755
2013-06-26,159.869995,160.50,159.25,160.139999,134848000,149.119441
2013-06-25,158.479996,160.100006,157.419998,158.570007,162262200,147.657494
2013-06-24,157.410004,158.429993,155.729996,157.059998,222329000,146.2514
2013-06-21,159.639999,159.759995,157.470001,159.070007,271956800,148.123084
2013-06-20,161.860001,163.470001,158.979996,159.399994,321255900,147.649096
2013-06-19,165.600006,165.889999,163.380005,163.449997,206149500,151.400535
2013-06-18,164.529999,165.990005,164.520004,165.740005,114695600,153.521725
2013-06-17,164.289993,165.220001,163.220001,164.440002,136295600,152.317558
2013-06-14,164.029999,164.669998,162.910004,163.179993,141197500,151.150435
2013-06-13,161.660004,164.50,161.300003,164.210007,163587800,152.104517
2013-06-12,164.220001,164.389999,161.600006,161.75,177361500,149.825861
2013-06-11,163.300003,164.539993,162.740005,163.100006,159505400,151.076345
2013-06-10,165.309998,165.399994,164.369995,164.800003,105667100,152.651019
2013-06-07,163.850006,164.949997,163.139999,164.800003,188337800,152.651019
2013-06-06,161.199997,162.740005,160.25,162.729996,200225500,150.733612
2013-06-05,163.089996,163.419998,161.130005,161.270004,211737800,149.38125
2013-06-04,164.440002,165.100006,162.729996,163.559998,157631500,151.502426
2013-06-03,163.830002,164.460007,162.660004,164.350006,168390700,152.234196
2013-05-31,165.369995,166.309998,163.130005,163.449997,176850100,151.400535
2013-05-30,165.350006,166.589996,165.220001,165.830002,107793800,153.605087
2013-05-29,165.419998,165.800003,164.339996,165.220001,160363400,153.040055
2013-05-28,167.039993,167.779999,165.809998,166.300003,143679800,154.04044
2013-05-24,164.470001,165.380005,163.979996,165.309998,151573900,153.123417
2013-05-23,164.160004,165.910004,163.940002,165.449997,211064400,153.253096
2013-05-22,167.339996,169.070007,165.169998,165.929993,244031800,153.697706
2013-05-21,167.080002,167.800003,166.50,167.169998,95804200,154.846299
2013-05-20,166.779999,167.580002,166.610001,166.929993,85071200,154.623987
2013-05-17,165.949997,167.039993,165.729996,166.940002,129801000,154.633259
2013-05-16,165.779999,166.360001,165.089996,165.339996,109913600,153.151204
2013-05-15,164.960007,166.449997,164.910004,166.119995,120718500,153.873702
2013-05-14,163.669998,165.350006,163.669998,165.229996,119000900,153.049313
2013-05-13,163.199997,163.809998,162.820007,163.539993,81843200,151.483897
2013-05-10,162.990005,163.550003,162.509995,163.410004,103203000,151.36349
2013-05-09,163.270004,163.699997,162.470001,162.880005,106738600,150.872562
2013-05-08,162.419998,163.389999,162.330002,163.339996,97419200,151.298643
2013-05-07,162.130005,162.649994,161.669998,162.600006,90359200,150.613205
2013-05-06,161.490005,162.009995,161.419998,161.779999,66882100,149.853648
2013-05-03,161.139999,161.880005,159.779999,161.369995,144202300,149.47387
2013-05-02,158.679993,159.889999,158.529999,159.75,96407600,147.9733
2013-05-01,159.330002,159.410004,158.100006,158.279999,138874200,146.611667
2013-04-30,159.270004,159.720001,158.610001,159.679993,116010700,147.908454
2013-04-29,158.669998,159.649994,158.419998,159.300003,88572800,147.556477
2013-04-26,158.330002,158.600006,157.729996,158.240005,95918800,146.574622
2013-04-25,158.339996,159.270004,158.100006,158.520004,131060600,146.833979
2013-04-24,157.830002,158.300003,157.539993,157.880005,96781200,146.24116
2013-04-23,156.949997,157.929993,156.169998,157.779999,166141300,146.148527
2013-04-22,155.779999,156.539993,154.75,156.169998,106553500,144.657214
2013-04-19,154.50,155.550003,154.119995,155.479996,149687600,144.018079
2013-04-18,155.369995,155.410004,153.550003,154.139999,167583200,142.776866
2013-04-17,156.289993,156.320007,154.279999,155.110001,226834800,143.675359
2013-04-16,156.289993,157.490005,155.910004,157.410004,147507800,145.805807
2013-04-15,158.00,158.130005,155.100006,155.119995,217259000,143.684617
2013-04-12,158.679993,159.039993,157.919998,158.800003,116359900,147.093337
2013-04-11,158.699997,159.710007,158.539993,159.190002,110142500,147.454585
2013-04-10,157.169998,158.869995,157.130005,158.669998,135711100,146.972916
2013-04-09,156.50,157.320007,155.979996,156.75,101922200,145.194459
2013-04-08,155.270004,156.220001,154.75,156.210007,86571200,144.694274
2013-04-05,153.949997,155.350006,153.770004,155.160004,159666000,143.721676
2013-04-04,155.429993,156.169998,155.089996,155.860001,131885000,144.37007
2013-04-03,156.910004,157.029999,154.820007,155.229996,154167400,143.786509
2013-04-02,156.610001,157.210007,156.369995,156.820007,101504300,145.259305
2013-04-01,156.589996,156.910004,155.669998,156.050003,99194100,144.546065
2013-03-28,156.089996,156.850006,155.75,156.669998,102932800,145.120355
2013-03-27,155.259995,156.240005,155.00,156.190002,99950600,144.675744
2013-03-26,155.589996,156.229996,155.419998,156.190002,86856600,144.675744
2013-03-25,156.009995,156.270004,154.350006,154.949997,151322300,143.527151
2013-03-22,154.850006,155.600006,154.729996,155.600006,111163600,144.129242
2013-03-21,154.759995,155.639999,154.100006,154.360001,128605000,142.980649
2013-03-20,155.520004,155.949997,155.259995,155.690002,113759300,144.212604
2013-03-19,155.300003,155.509995,153.589996,154.610001,167567300,143.212219
2013-03-18,154.339996,155.639999,154.199997,154.970001,126704300,143.545681
2013-03-15,155.850006,156.039993,155.309998,155.830002,138601100,144.342282
2013-03-14,156.309998,156.800003,155.910004,156.729996,126329900,144.533099
2013-03-13,155.759995,156.119995,155.229996,155.899994,92550900,143.767689
2013-03-12,155.919998,156.100006,155.210007,155.679993,105755800,143.564808
2013-03-11,155.320007,156.039993,155.130005,156.029999,83746800,143.887576
2013-03-08,155.460007,155.649994,154.660004,155.440002,123477800,143.343494
2013-03-07,154.699997,154.979996,154.520004,154.779999,86101400,142.734853
2013-03-06,154.839996,154.919998,154.160004,154.50,94469900,142.476644
2013-03-05,153.660004,154.699997,153.639999,154.289993,121431900,142.28298
2013-03-04,151.759995,152.919998,151.520004,152.919998,99010200,141.019599
2013-03-01,151.089996,152.339996,150.410004,152.110001,170634800,140.272637
2013-02-28,151.899994,152.869995,151.410004,151.610001,126866000,139.811547
2013-02-27,149.889999,152.330002,149.759995,151.910004,150781900,140.088204
2013-02-26,149.720001,150.199997,148.729996,150.020004,186596200,138.345286
2013-02-25,152.630005,152.860001,149.00,149.00,245824800,137.40466
2013-02-22,151.149994,151.889999,150.490005,151.889999,106356600,140.069756
2013-02-21,150.960007,151.419998,149.940002,150.419998,183257000,138.714152
2013-02-20,153.139999,153.190002,151.259995,151.339996,160574800,139.562555
2013-02-19,152.369995,153.279999,152.160004,153.25,95105400,141.32392
2013-02-15,152.429993,152.589996,151.550003,152.110001,215226500,140.272637
2013-02-14,151.690002,152.470001,151.520004,152.289993,80834300,140.438622
2013-02-13,152.330002,152.610001,151.720001,152.149994,82322600,140.309518
2013-02-12,151.779999,152.300003,151.610001,152.020004,65392700,140.189644
2013-02-11,151.740005,151.899994,151.389999,151.770004,73775000,139.959099
2013-02-08,151.220001,151.889999,151.220001,151.800003,103133700,139.986763
2013-02-07,151.210007,151.350006,149.860001,150.960007,162490000,139.212137
2013-02-06,150.520004,151.259995,150.410004,151.160004,138762800,139.39657
2013-02-05,150.350006,151.479996,150.289993,151.050003,113912400,139.295129
2013-02-04,150.320007,151.270004,149.429993,149.539993,159073600,137.90263
2013-02-01,150.649994,151.419998,150.389999,151.240005,131173000,139.470346
2013-01-31,149.889999,150.380005,149.600006,149.699997,108975800,138.050182
2013-01-30,150.639999,150.940002,149.929993,150.070007,137447700,138.391398
2013-01-29,149.770004,150.850006,149.669998,150.660004,105694400,138.93548
2013-01-28,150.289993,150.330002,149.509995,150.070007,113357700,138.391398
2013-01-25,149.880005,150.25,149.369995,150.25,147211600,138.557383
2013-01-24,149.149994,150.139999,149.009995,149.410004,146426400,137.782756
2013-01-23,149.130005,149.50,148.860001,149.369995,104596100,137.745861
2013-01-22,148.330002,149.130005,147.979996,149.130005,111797300,137.524547
2013-01-18,147.970001,148.490005,147.429993,148.330002,169906000,136.786801
2013-01-17,147.699997,148.419998,147.149994,148.00,133833500,136.482481
2013-01-16,146.770004,147.279999,146.610001,147.050003,104849500,135.606414
2013-01-15,146.289993,147.210007,146.199997,147.070007,93172600,135.624861
2013-01-14,146.889999,147.070007,146.429993,146.970001,89567200,135.532638
2013-01-11,147.039993,147.149994,146.610001,147.070007,113917300,135.624861
2013-01-10,146.729996,147.089996,145.970001,147.080002,130735400,135.634078
2013-01-09,145.869995,146.320007,145.639999,145.919998,90745600,134.564347
2013-01-08,145.710007,145.910004,144.979996,145.550003,121265100,134.223145
2013-01-07,145.850006,146.110001,145.429993,145.970001,110002500,134.610459
2013-01-04,145.970001,146.610001,145.669998,146.369995,116817700,134.979325
2013-01-03,145.990005,146.369995,145.339996,145.729996,144761800,134.389131
2013-01-02,145.110001,146.149994,144.729996,146.059998,192059000,134.693451
2012-12-31,139.660004,142.559998,139.539993,142.410004,243935200,131.327504
2012-12-28,140.639999,141.419998,139.869995,140.029999,148806700,129.132714
2012-12-27,141.789993,142.080002,139.919998,141.559998,167920600,130.543646
2012-12-26,142.639999,142.710007,141.350006,141.75,106947700,130.718862
2012-12-24,142.479996,142.559998,142.190002,142.350006,53874600,131.272175
2012-12-21,142.169998,144.089996,141.940002,142.789993,245883800,131.677922
2012-12-20,144.380005,145.139999,143.979996,145.119995,168487000,132.884133
2012-12-19,145.529999,145.580002,144.240005,144.289993,150895400,132.124113
2012-12-18,144.00,145.50,143.789993,145.369995,177762800,133.113054
2012-12-17,142.470001,143.850006,142.429993,143.770004,143238200,131.647968
2012-12-14,142.320007,142.580002,141.880005,142.100006,137701700,130.118776
2012-12-13,143.419998,143.830002,142.270004,142.630005,135715000,130.604088
2012-12-12,144.00,144.550003,143.309998,143.509995,145880100,131.409881
2012-12-11,143.059998,144.110001,142.990005,143.440002,152570400,131.34579
2012-12-10,142.210007,142.809998,142.149994,142.470001,98840700,130.457575
2012-12-07,142.529999,142.690002,141.669998,142.410004,108726400,130.402636
2012-12-06,141.369995,142.039993,141.160004,141.979996,103220600,130.008884
2012-12-05,141.369995,142.160004,140.369995,141.50,147300500,129.56936
2012-12-04,141.440002,141.869995,140.869995,141.25,127512200,129.340439
2012-12-03,142.800003,142.919998,141.339996,141.449997,124656300,129.523573
2012-11-30,142.139999,142.419998,141.660004,142.149994,136568300,130.164549
2012-11-29,141.990005,142.509995,141.369995,142.119995,151085900,130.13708
2012-11-28,139.759995,141.539993,139.00,141.460007,177086500,129.532739
2012-11-27,140.910004,141.389999,140.240005,140.330002,128646200,128.498011
2012-11-26,140.649994,141.360001,140.190002,141.050003,100124400,129.157305
2012-11-23,140.130005,141.399994,140.039993,141.350006,65409200,129.432013
2012-11-21,139.309998,139.570007,139.029999,139.449997,81710800,127.692204
2012-11-20,138.910004,139.419998,138.080002,139.190002,119807400,127.454131
2012-11-19,137.899994,139.149994,136.410004,139.130005,151495800,127.399192
2012-11-16,135.899994,136.639999,134.699997,136.369995,239483900,124.871894
2012-11-15,135.979996,136.490005,135.179993,135.699997,178128400,124.258387
2012-11-14,138.210007,138.429993,135.619995,135.929993,191505000,124.46899
2012-11-13,137.539993,139.25,137.360001,137.789993,123018300,126.172164
2012-11-12,138.589996,138.809998,137.960007,138.270004,97677500,126.611703
2012-11-09,137.619995,139.440002,137.550003,138.160004,201055300,126.510977
2012-11-08,139.699997,140.410004,137.929993,138.039993,181517300,126.401085
2012-11-07,141.660004,141.679993,139.059998,139.720001,264304500,127.939442
2012-11-06,142.279999,143.520004,142.130005,142.960007,107068100,130.906265
2012-11-05,141.350006,142.169998,140.929993,141.850006,98378500,129.889855
2012-11-02,143.679993,143.720001,141.410004,141.559998,137702200,129.624299
2012-11-01,141.649994,143.009995,141.520004,142.830002,100995600,130.787222
2012-10-31,141.850006,142.029999,140.679993,141.350006,103438500,129.432013
2012-10-26,141.300003,141.839996,140.389999,141.350006,146023500,129.432013
2012-10-25,142.020004,142.279999,140.570007,141.429993,134457400,129.505255
2012-10-24,141.929993,142.100006,140.800003,141.020004,120179400,129.129835
2012-10-23,141.860001,142.059998,140.830002,141.419998,192056300,129.496103
2012-10-22,143.149994,143.669998,142.279999,143.410004,125578600,131.318321
2012-10-19,145.550003,145.559998,143.050003,143.389999,185645200,131.300003
2012-10-18,145.820007,146.520004,145.330002,145.820007,148108500,133.525124
2012-10-17,145.639999,146.320007,145.419998,146.199997,128834100,133.873074
2012-10-16,144.759995,145.639999,144.660004,145.539993,108815500,133.268719
2012-10-15,143.229996,144.229996,142.770004,144.080002,107689100,131.931827
2012-10-12,143.460007,143.949997,142.580002,142.889999,124181900,130.842161
2012-10-11,144.279999,144.490005,143.330002,143.360001,123601500,131.272534
2012-10-10,144.179993,144.320007,143.089996,143.279999,124247500,131.199277
2012-10-09,145.529999,145.649994,144.149994,144.199997,148872900,132.041705
2012-10-08,145.600006,146.119995,145.309998,145.639999,78415400,133.360293
2012-10-05,146.910004,147.160004,145.699997,146.139999,124842100,133.818135
2012-10-04,145.639999,146.339996,145.440002,146.130005,124311600,133.808984
2012-10-03,144.889999,145.429993,144.130005,145.089996,121283100,132.856664
2012-10-02,144.919998,145.149994,143.830002,144.50,113422200,132.316413
2012-10-01,144.520004,145.690002,144.009995,144.350006,135911200,132.179066
2012-09-28,144.089996,144.559998,143.460007,143.970001,150696100,131.831102
2012-09-27,143.889999,144.970001,143.509995,144.639999,111830300,132.444609
2012-09-26,144.070007,144.110001,142.949997,143.289993,146502200,131.208429
2012-09-25,145.960007,146.240005,144.059998,144.100006,133165200,131.950145
2012-09-24,145.149994,145.979996,145.039993,145.649994,95682000,133.369445
2012-09-21,146.639999,146.669998,145.809998,145.869995,108737500,133.570897
2012-09-20,146.029999,146.789993,145.630005,146.710007,154009800,133.626759
2012-09-19,146.789993,147.169998,146.410004,146.699997,128318300,133.617642
2012-09-18,146.490005,146.809998,146.25,146.619995,98326600,133.544775
2012-09-17,146.940002,147.190002,146.369995,146.740005,119427800,133.654083
2012-09-14,146.880005,148.110001,146.759995,147.240005,169777000,134.109494
2012-09-13,144.369995,147.039993,143.990005,146.589996,225470200,133.517451
2012-09-12,144.389999,144.550003,143.899994,144.389999,87640900,131.513645
2012-09-11,143.600006,144.369995,143.559998,143.910004,88760000,131.076454
2012-09-10,144.190002,144.440002,143.460007,143.509995,86458500,130.712116
2012-09-07,144.009995,144.389999,143.880005,144.330002,107272100,131.458997
2012-09-06,141.759995,143.779999,141.75,143.770004,158272500,130.948939
2012-09-05,141.089996,141.470001,140.630005,140.910004,100660300,128.343987
2012-09-04,141.039993,141.460007,140.130005,141.029999,120226200,128.453281
2012-08-31,141.289993,141.820007,140.360001,141.160004,151970400,128.571692
2012-08-30,140.899994,140.940002,140.190002,140.490005,96589900,127.961443
2012-08-29,141.520004,141.889999,141.119995,141.509995,65421300,128.890472
2012-08-28,141.179993,141.839996,140.970001,141.399994,75689600,128.790281
2012-08-27,141.889999,142.080002,141.339996,141.539993,68785900,128.917795
2012-08-24,140.309998,141.830002,140.220001,141.509995,99481200,128.890472
2012-08-23,141.470001,141.479996,140.440002,140.660004,111466400,128.116281
2012-08-22,141.399994,142.050003,141.070007,141.820007,133243500,129.172838
2012-08-21,142.539993,143.089996,141.449997,141.759995,105581100,129.118177
2012-08-20,141.979996,142.220001,141.589996,142.190002,78255700,129.509838
2012-08-17,142.229996,142.300003,141.860001,142.179993,90813700,129.500721
2012-08-16,141.149994,142.160004,140.800003,141.990005,112014200,129.327676
2012-08-15,140.639999,141.190002,140.550003,140.949997,71085900,128.380413
2012-08-14,141.289993,141.380005,140.369995,140.789993,102379400,128.234678
2012-08-13,140.600006,140.839996,140.039993,140.770004,79426900,128.216472
2012-08-10,140.039993,140.889999,139.809998,140.839996,99792700,128.280222
2012-08-09,140.289993,140.889999,140.149994,140.610001,90291700,128.070737
2012-08-08,139.850006,140.649994,139.809998,140.490005,89754700,127.961443
2012-08-07,140.179993,140.919998,140.029999,140.320007,109545100,127.806605
2012-08-06,139.720001,140.169998,139.559998,139.619995,86326200,127.169018
2012-08-03,138.559998,139.639999,136.679993,139.350006,157825000,126.923106
2012-08-02,136.550003,137.570007,135.580002,136.639999,199556600,124.454771
2012-08-01,138.699997,138.729996,137.399994,137.589996,138293800,125.32005
2012-07-31,138.490005,138.869995,137.710007,137.710007,120575900,125.429358
2012-07-30,138.520004,139.339996,138.270004,138.679993,106782000,126.312843
2012-07-27,136.889999,139.070007,136.139999,138.679993,236768900,126.312843
2012-07-26,135.889999,136.460007,135.259995,136.169998,156526500,124.026683
2012-07-25,134.210007,134.559998,133.25,133.960007,129122300,122.013774
2012-07-24,135.190002,135.25,133.029999,133.929993,173301200,121.986436
2012-07-23,134.470001,136.380005,133.839996,135.089996,145210900,123.042994
2012-07-20,136.949997,137.160004,136.320007,136.470001,142904500,124.299933
2012-07-19,137.649994,138.179993,137.210007,137.729996,129847300,125.447564
2012-07-18,136.039993,137.639999,135.960007,137.369995,113349700,125.119667
2012-07-17,135.970001,136.639999,134.550003,136.360001,138860300,124.199742
2012-07-16,135.440002,135.830002,134.899994,135.429993,97525200,123.35267
2012-07-13,133.860001,135.889999,133.839996,135.75,129642600,123.64414
2012-07-12,133.380005,134.229996,132.600006,133.509995,143583200,121.603892
2012-07-11,134.210007,134.600006,133.380005,134.160004,141733400,122.195935
2012-07-10,136.009995,136.229996,133.679993,134.139999,167884800,122.177715
2012-07-09,135.380005,135.570007,134.699997,135.320007,103780500,123.252493
2012-07-06,135.470001,135.770004,134.850006,135.490005,151192100,123.407331
2012-07-05,136.899994,137.800003,136.289993,136.789993,126177500,124.591389
2012-07-03,136.479996,137.509995,136.339996,137.410004,80450000,125.156108
2012-07-02,136.479996,136.649994,135.520004,136.509995,129524500,124.33636
2012-06-29,135.199997,136.270004,134.850006,136.100006,212250900,123.962933
2012-06-28,132.289993,132.990005,131.279999,132.789993,169242100,120.948099
2012-06-27,132.419998,133.429993,131.970001,133.169998,108088000,121.294216
2012-06-26,131.699997,132.380005,130.929993,131.979996,141634000,120.210335
2012-06-25,132.050003,132.100006,130.850006,131.320007,146375700,119.609203
2012-06-22,133.130005,133.710007,132.619995,133.460007,130029200,121.558362
2012-06-21,135.639999,135.779999,132.330002,132.440002,205272200,120.62932
2012-06-20,135.710007,136.100006,134.270004,135.479996,206451800,123.398214
2012-06-19,135.080002,136.25,134.369995,135.699997,137382600,123.598596
2012-06-18,133.580002,134.729996,133.279999,134.399994,131360900,122.414524
2012-06-15,133.380005,134.259995,133.100006,134.139999,169444500,122.177715
2012-06-14,132.339996,134.00,131.979996,133.470001,230615500,120.940824
2012-06-13,132.529999,133.360001,131.619995,132.070007,172223900,119.672251
2012-06-12,131.789993,133.009995,131.160004,132.919998,181931800,120.442451
2012-06-11,134.169998,134.25,131.279999,131.410004,169756100,119.074204
2012-06-08,131.710007,133.130005,131.289993,133.100006,143915400,120.605562
2012-06-07,133.470001,133.529999,131.779999,132.050003,184772700,119.654125
2012-06-06,129.970001,132.029999,129.929993,131.970001,184202800,119.581633
2012-06-05,127.849998,129.259995,127.779999,129.070007,164149400,116.953869
2012-06-04,128.389999,128.740005,127.139999,128.100006,202545800,116.074925
2012-06-01,129.410004,131.50,128.160004,128.160004,253240900,116.12929
2012-05-31,131.710007,132.449997,130.339996,131.470001,196186000,119.128569
2012-05-30,132.559998,133.690002,131.490005,131.759995,162370400,119.39134
2012-05-29,133.160004,133.929993,131.169998,133.699997,152883500,121.14923
2012-05-25,132.479996,132.850006,131.779999,132.100006,135465600,119.699434
2012-05-24,132.630005,132.839996,131.419998,132.529999,167357600,120.089062
2012-05-23,131.25,132.460007,129.990005,132.270004,204958400,119.853474
2012-05-22,132.309998,133.229996,131.339996,132.199997,197531200,119.790039
2012-05-21,130.160004,132.020004,129.949997,131.970001,177861100,119.581633
2012-05-18,131.369995,131.600006,129.550003,129.740005,319615900,117.560973
2012-05-17,132.860001,133.020004,130.789993,130.860001,247992900,118.575831
2012-05-16,133.940002,134.550003,132.800003,132.830002,207265500,120.360903
2012-05-15,134.020004,134.809998,133.130005,133.339996,207629300,120.823023
2012-05-14,134.309998,135.610001,133.910004,134.110001,163910000,121.520745
2012-05-11,135.169998,136.869995,135.110001,135.610001,153032400,122.879936
2012-05-10,136.679993,136.850006,135.710007,136.020004,150600000,123.251452
2012-05-09,135.100006,136.610001,134.490005,135.740005,220752500,122.997737
2012-05-08,136.279999,136.770004,134.919998,136.550003,213377700,123.731698
2012-05-07,136.509995,137.559998,136.460007,137.100006,127765900,124.230071
2012-05-04,138.520004,139.300003,136.919998,137.00,193927300,124.139453
2012-05-03,140.339996,140.449997,138.990005,139.25,143759700,126.17824
2012-05-02,139.919998,140.460007,139.460007,140.320007,121081000,127.147802
2012-05-01,139.789993,141.660004,139.630005,140.740005,138832200,127.528374
2012-04-30,140.110001,140.210007,139.490005,139.869995,115092200,126.740034
2012-04-27,140.580002,140.789993,139.800003,140.389999,130725000,127.211224
2012-04-26,138.889999,140.320007,138.809998,140.160004,136291600,127.002819
2012-04-25,138.649994,139.25,138.529999,139.190002,150252200,126.123874
2012-04-24,136.910004,137.660004,136.800003,137.309998,137484200,124.42035
2012-04-23,136.539993,136.910004,135.940002,136.789993,171844900,123.94916
2012-04-20,138.330002,138.830002,137.869995,137.949997,143199600,125.000271
2012-04-19,138.630005,139.149994,137.070007,137.720001,198666700,124.791866
2012-04-18,138.460007,139.080002,138.380005,138.610001,123884200,125.598319
2012-04-17,137.839996,139.360001,137.699997,139.080002,147877600,126.0242
2012-04-16,137.839996,138.039993,136.580002,137.050003,147825300,124.184762
2012-04-13,138.470001,138.820007,137.009995,137.139999,169246700,124.26631
2012-04-12,137.130005,138.899994,137.029999,138.789993,154321500,125.761415
2012-04-11,137.289993,137.539993,136.75,137.00,154133000,124.139453
2012-04-10,137.949997,138.339996,135.759995,135.899994,235360300,123.142707
2012-04-09,138.029999,139.839996,137.839996,138.220001,127555900,125.244929
2012-04-05,139.380005,140.199997,139.259995,139.789993,137439400,126.667542
2012-04-04,140.220001,140.339996,139.339996,139.860001,146896000,126.730978
2012-04-03,141.639999,141.880005,140.429993,141.259995,155806700,127.999551
2012-04-02,140.639999,142.210007,140.360001,141.839996,151741100,128.525106
2012-03-30,140.919998,141.050003,140.050003,140.809998,135486800,127.591796
2012-03-29,139.639999,140.490005,139.089996,140.229996,164963700,127.06624
2012-03-28,141.100006,141.320007,139.639999,140.470001,148562100,127.283716
2012-03-27,141.740005,141.830002,141.080002,141.169998,119868500,127.918002
2012-03-26,140.649994,141.610001,140.600006,141.610001,120164000,128.316701
2012-03-23,139.320007,139.809998,138.550003,139.649994,120521000,126.540685
2012-03-22,139.179993,139.550003,138.740005,139.199997,135216700,126.13293
2012-03-21,140.520004,140.649994,139.919998,140.210007,122388400,127.048128
2012-03-20,140.050003,140.610001,139.639999,140.440002,121729700,127.256533
2012-03-19,140.210007,141.279999,140.110001,140.850006,125291100,127.628049
2012-03-16,140.360001,140.479996,140.00,140.300003,152893500,127.129676
2012-03-15,140.119995,140.779999,139.759995,140.720001,165118500,126.953884
2012-03-14,140.100006,140.449997,139.479996,139.910004,145163600,126.223125
2012-03-13,138.320007,140.130005,138.089996,140.059998,184090500,126.358446
2012-03-12,137.550003,137.759995,137.089996,137.580002,104003500,124.121059
2012-03-09,137.300003,137.929993,137.130005,137.570007,122836800,124.112042
2012-03-08,136.520004,137.320007,136.240005,137.039993,116968900,123.633878
2012-03-07,135.059998,135.910004,134.929993,135.690002,143692200,122.415951
2012-03-06,135.350006,135.429993,134.360001,134.75,202129900,121.567906
2012-03-05,137.100006,137.199997,136.279999,136.75,140765000,123.372253
2012-03-02,137.639999,137.820007,137.00,137.309998,120638300,123.877468
2012-03-01,137.309998,137.990005,136.929993,137.729996,145023500,124.25638
2012-02-29,137.759995,138.190002,136.539993,137.020004,185934700,123.615844
2012-02-28,137.199997,137.720001,136.929993,137.559998,129355900,124.103012
2012-02-27,136.020004,137.529999,135.800003,137.160004,145728900,123.742148
2012-02-24,136.929993,137.199997,136.630005,136.929993,105539100,123.534638
2012-02-23,135.960007,136.729996,135.50,136.630005,137704300,123.263997
2012-02-22,136.259995,136.550003,135.789993,136.029999,124455300,122.722687
2012-02-21,136.729996,137.050003,136.050003,136.470001,134042300,123.119646
2012-02-17,136.520004,136.630005,135.960007,136.410004,129869400,123.065517
2012-02-16,134.570007,136.169998,134.330002,136.050003,186567800,122.740734
2012-02-15,135.630005,135.830002,134.289993,134.559998,195195100,121.396491
2012-02-14,135.00,135.270004,134.25,135.190002,165329500,121.964864
2012-02-13,135.320007,135.520004,134.740005,135.360001,115841900,122.118232
2012-02-10,134.160004,134.470001,133.839996,134.360001,167907500,121.216059
2012-02-09,135.410004,135.589996,134.559998,135.360001,148602900,122.118232
2012-02-08,134.860001,135.220001,134.309998,135.190002,139361400,121.964864
2012-02-07,134.169998,135.020004,133.639999,134.789993,135528100,121.603987
2012-02-06,133.979996,134.509995,133.830002,134.449997,107694500,121.297251
2012-02-03,134.00,134.619995,133.770004,134.539993,160598500,121.378443
2012-02-02,132.729996,133.020004,132.210007,132.679993,113090400,119.7004
2012-02-01,132.289993,133.139999,132.130005,132.470001,166234500,119.510951
2012-01-31,132.020004,132.179993,130.679993,131.320007,157212000,118.473457
2012-01-30,130.509995,131.440002,130.059998,131.369995,147311800,118.518554
2012-01-27,131.240005,132.050003,131.149994,131.820007,135259100,118.924543
2012-01-26,133.149994,133.399994,131.360001,131.880005,184880500,118.978672
2012-01-25,131.259995,132.869995,130.75,132.559998,198613200,119.592143
2012-01-24,130.800003,131.50,130.600006,131.460007,103083300,118.59976
2012-01-23,131.509995,132.25,130.979996,131.610001,129295800,118.735081
2012-01-20,131.240005,131.949997,130.919998,131.949997,138230200,119.041817
2012-01-19,131.220001,131.570007,130.800003,131.460007,126328900,118.59976
2012-01-18,129.309998,130.839996,129.080002,130.770004,163395200,117.977258
2012-01-17,130.080002,130.320007,128.899994,129.339996,132209200,116.687143
2012-01-13,128.639999,129.050003,127.720001,128.839996,179836200,116.236056
2012-01-12,129.570007,129.699997,128.539993,129.509995,118983700,116.840511
2012-01-11,128.729996,129.369995,128.520004,129.199997,111540700,116.560839
2012-01-10,129.389999,129.649994,128.949997,129.130005,115282000,116.497694
2012-01-09,128.00,128.179993,127.410004,128.020004,99530200,115.496281
2012-01-06,128.199997,128.220001,127.290001,127.709999,148050000,115.216602
2012-01-05,127.010002,128.229996,126.43,128.039993,173895000,115.514314
2012-01-04,127.199997,127.809998,126.709999,127.699997,127186500,115.207578
2012-01-03,127.760002,128.380005,127.43,127.50,193697900,115.027146
2011-12-30,126.019997,126.330002,125.50,125.50,95599000,113.222799
2011-12-29,125.239998,126.25,124.860001,126.120003,123507200,113.782149
2011-12-28,126.510002,126.529999,124.730003,124.830002,119107100,112.618344
2011-12-27,126.169998,126.82,126.059998,126.489998,86075700,114.115949
2011-12-23,125.669998,126.43,125.410004,126.389999,92187200,114.025733
2011-12-22,124.629997,125.400002,124.230003,125.269997,119465400,113.015296
2011-12-21,123.93,124.360001,122.75,124.169998,194230900,112.022906
2011-12-20,122.18,124.139999,120.370003,123.93,225418100,111.806387
2011-12-19,122.059998,122.32,120.029999,120.290001,183903000,108.522475
2011-12-16,122.230003,122.949997,121.300003,121.589996,220481400,109.695297
2011-12-15,123.029999,123.199997,121.989998,122.18,199109200,109.532905
2011-12-14,122.559998,123.029999,121.470001,121.739998,238618800,109.138449
2011-12-13,124.860001,125.57,122.449997,123.050003,245159800,110.312852
2011-12-12,124.949997,124.970001,123.160004,124.209999,215826100,111.352775
2011-12-09,124.510002,126.370003,124.400002,126.050003,209111400,113.002317
2011-12-08,125.900002,126.18,123.650002,123.949997,240862800,111.119686
2011-12-07,125.839996,127.260002,124.970001,126.730003,237802500,113.611929
2011-12-06,126.209999,127.110001,125.760002,126.260002,178842100,113.190578
2011-12-05,126.839996,127.18,125.440002,126.220001,225263900,113.154718
2011-12-02,126.120003,126.50,124.779999,124.860001,221109700,111.935494
2011-12-01,124.849998,125.639999,124.43,124.970001,176954800,112.034108
2011-11-30,123.489998,125.220001,120.00,124.989998,324439500,112.052035
2011-11-29,120.050003,121.00,119.610001,120.050003,199241500,107.623388
2011-11-28,119.540001,120.18,118.82,119.709999,210686000,107.318579
2011-11-25,116.379997,117.699997,116.199997,116.339996,99557000,104.297412
2011-11-23,118.07,119.190002,116.559998,116.559998,224329100,104.49464
2011-11-22,119.400002,120.099998,118.519997,119.190002,216494900,106.852408
2011-11-21,120.199997,120.349998,118.650002,119.660004,229611600,107.273759
2011-11-18,122.50,122.75,121.470001,121.980003,215580400,109.353611
2011-11-17,123.849998,124.160004,121.230003,122.110001,331219600,109.470152
2011-11-16,124.809998,126.339996,123.900002,124.080002,235782500,111.236234
2011-11-15,125.169998,126.75,124.720001,126.080002,184709400,113.02921
2011-11-14,126.190002,127.449997,124.919998,125.459999,159258300,112.473385
2011-11-11,125.830002,126.989998,125.790001,126.660004,189924400,113.549175
2011-11-10,124.790001,124.940002,123.019997,124.32,231866500,111.451389
2011-11-09,124.889999,125.800003,122.860001,123.160004,337982000,110.411467
2011-11-08,126.919998,128.020004,125.709999,127.879997,224426300,114.642884
2011-11-07,125.389999,126.389999,124.199997,126.260002,196617200,113.190578
2011-11-04,125.230003,125.699997,124.010002,125.480003,249401600,112.491319
2011-11-03,125.269997,126.50,123.599998,126.25,291174800,113.181611
2011-11-02,123.830002,124.400002,122.790001,123.989998,244717600,111.155547
2011-11-01,122.029999,123.510002,121.519997,122.00,416565800,109.371537
2011-10-31,127.160004,128.619995,125.32,125.50,228146700,112.509245
2011-10-28,128.00,128.850006,127.800003,128.600006,225906500,115.288364
2011-10-27,127.629997,129.419998,126.610001,128.630005,393220200,115.315257
2011-10-26,124.349998,124.769997,122.209999,124.300003,289053800,111.433462
2011-10-25,124.889999,124.949997,122.779999,123.050003,268596800,110.312852
2011-10-24,124.169998,125.800003,124.059998,125.489998,203215600,112.500279
2011-10-21,123.089996,124.120003,122.720001,123.970001,278999400,111.13762
2011-10-20,121.43,122.099998,119.82,121.660004,262075600,109.066735
2011-10-19,122.379997,123.080002,120.709999,121.129997,226601300,108.59159
2011-10-18,120.139999,123.50,119.199997,122.580002,318857900,109.891502
2011-10-17,121.989998,122.550003,119.93,120.230003,202311600,107.784757
2011-10-14,121.910004,122.599998,121.230003,122.57,211397600,109.882535
2011-10-13,120.040001,120.870003,119.120003,120.510002,212538800,108.035772
2011-10-12,120.599998,122.139999,120.330002,120.75,281544900,108.250927
2011-10-11,118.870003,120.040001,118.75,119.699997,209088000,107.309612
2011-10-10,117.68,119.629997,117.669998,119.580002,230666300,107.202038
2011-10-07,117.169998,117.25,115.059998,115.709999,312657900,103.732627
2011-10-06,114.360001,116.660004,113.510002,116.489998,257800800,104.431886
2011-10-05,112.620003,114.720001,111.580002,114.419998,284108000,102.576157
2011-10-04,108.349998,112.580002,107.43,112.339996,459177500,100.71146
2011-10-03,112.489998,113.949997,109.809998,109.93,365136800,98.550927
2011-09-30,114.449997,115.449997,113.07,113.150002,288392300,101.43762
2011-09-29,117.050003,117.629997,113.93,116.050003,298108900,104.037436
2011-09-28,117.779999,118.489998,114.970001,115.139999,286696800,103.221629
2011-09-27,118.529999,119.559998,116.839996,117.540001,311753900,105.373202
2011-09-26,114.610001,116.400002,112.980003,116.239998,260673700,104.207764
2011-09-23,112.110001,114.160004,112.019997,113.540001,307242500,101.78725
2011-09-22,113.25,114.209999,111.300003,112.860001,513911300,101.177637
2011-09-21,120.230003,120.599998,116.440002,116.629997,316251300,104.557394
2011-09-20,120.82,121.989998,120.010002,120.169998,218932200,107.730963
2011-09-19,119.529999,120.93,118.720001,120.309998,241517000,107.85647
2011-09-16,121.290001,121.970001,120.32,121.519997,284528300,108.94122
2011-09-15,120.650002,121.470001,119.400002,121.43,326777200,108.30024
2011-09-14,118.339996,120.800003,116.720001,119.370003,319389500,106.462982
2011-09-13,117.050003,118.18,116.220001,117.739998,272514700,105.009224
2011-09-12,114.470001,116.760002,114.050003,116.669998,305793500,104.054919
2011-09-09,117.68,119.059998,115.279999,115.919998,380195100,103.386013
2011-09-08,119.57,120.940002,118.769997,119.040001,250568200,106.168662
2011-09-07,118.760002,120.339996,118.360001,120.290001,209803200,107.283505
2011-09-06,114.389999,117.160004,114.379997,116.989998,285130500,104.340318
2011-09-02,118.419998,120.870003,117.43,117.849998,255517200,105.10733
2011-09-01,122.290001,123.400002,120.779999,120.940002,254585900,107.863224
2011-08-31,122.459999,123.510002,121.300003,122.220001,301828400,109.004821
2011-08-30,120.830002,122.43,119.260002,121.68,241315700,108.523209
2011-08-29,119.559998,121.43,118.059998,121.360001,190977200,108.237809
2011-08-26,115.690002,118.510002,113.849998,117.970001,314495900,105.214358
2011-08-25,118.730003,119.400002,115.870003,116.279999,312365400,103.707089
2011-08-24,116.190002,118.239998,115.919998,118.080002,246869700,105.312464
2011-08-23,113.150002,116.57,112.580002,116.440002,331136600,103.849792
2011-08-22,115.169998,115.230003,112.410004,112.730003,275090600,100.540941
2011-08-19,112.959999,115.879997,112.50,112.639999,428281300,100.460668
2011-08-18,116.50,119.709999,113.389999,114.510002,512956300,102.128475
2011-08-17,120.25,121.199997,118.720001,119.669998,238201100,106.73054
2011-08-16,119.470001,120.690002,118.309998,119.589996,294095200,106.659189
2011-08-15,119.190002,120.739998,119.00,120.620003,258810600,107.577825
2011-08-12,118.400002,119.209999,117.279999,118.120003,313731600,105.34814
2011-08-11,113.260002,118.919998,112.32,117.330002,487979700,104.643559
2011-08-10,115.260002,116.279999,111.949997,112.290001,662607400,100.148514
2011-08-09,114.07,117.639999,110.269997,117.480003,717828700,104.777341
2011-08-08,116.910004,120.120003,112.019997,112.260002,702263900,100.121759
2011-08-05,121.760002,122.07,116.860001,120.080002,655619200,107.096212
2011-08-04,124.419998,124.620003,120.059998,120.260002,520721800,107.256749
2011-08-03,125.660004,126.309998,123.529999,126.169998,370830800,112.52772
2011-08-02,127.809998,128.50,125.489998,125.489998,346653800,111.921246
2011-08-01,130.839996,130.960007,127.529999,128.779999,325790900,114.855512
2011-07-29,128.910004,130.550003,127.970001,129.330002,307038400,115.346045
2011-07-28,130.600006,131.770004,130.009995,130.220001,207939900,116.139812
2011-07-27,132.589996,132.630005,130.429993,130.600006,249020100,116.478728
2011-07-26,133.740005,133.960007,133.029999,133.330002,131278200,118.91354
2011-07-25,133.300003,134.490005,133.160004,133.830002,136653800,119.359477
2011-07-22,134.520004,134.720001,133.759995,134.580002,126019400,120.028383
2011-07-21,133.399994,134.820007,132.669998,134.490005,245246300,119.948117
2011-07-20,133.070007,133.149994,132.419998,132.649994,137145400,118.307059
2011-07-19,131.339996,132.889999,131.309998,132.729996,166554900,118.378411
2011-07-18,131.080002,131.279999,129.630005,130.610001,196872100,116.487642
2011-07-15,131.660004,131.869995,130.770004,131.690002,220012800,117.450868
2011-07-14,132.169998,132.779999,130.679993,130.929993,226111800,116.773035
2011-07-13,132.089996,133.220001,131.520004,131.839996,204062600,117.584643
2011-07-12,131.690002,132.779999,131.360001,131.399994,214675700,117.192217
2011-07-11,132.75,133.179993,131.660004,131.970001,195918600,117.700591
2011-07-08,133.830002,135.360001,133.389999,134.399994,194100500,119.867838
2011-07-07,135.160004,135.699997,134.880005,135.360001,170464200,120.724043
2011-07-06,133.490005,134.139999,133.110001,133.970001,143331600,119.484339
2011-07-05,133.779999,134.080002,133.389999,133.809998,165936000,119.341636
2011-07-01,132.089996,134.100006,131.779999,133.919998,202385700,119.439743
2011-06-30,131.139999,132.179993,130.710007,131.970001,223322700,117.700591
2011-06-29,130.199997,130.929993,129.630005,130.720001,244295500,116.585749
2011-06-28,128.449997,129.630005,128.270004,129.610001,165556300,115.595768
2011-06-27,126.889999,128.429993,126.639999,127.940002,168904700,114.106341
2011-06-24,128.270004,128.369995,126.620003,126.809998,226129300,113.098519
2011-06-23,127.160004,128.639999,126.190002,128.300003,334286500,114.427416
2011-06-22,129.050003,129.809998,128.589996,128.669998,176703000,114.757405
2011-06-21,128.360001,129.699997,127.75,129.449997,193157300,115.453065
2011-06-20,126.620003,127.970001,126.580002,127.699997,159479000,113.892286
2011-06-17,127.93,127.940002,126.620003,127.050003,233284900,113.312574
2011-06-16,127.059998,127.970001,126.32,127.300003,308032800,112.975443
2011-06-15,128.240005,129.300003,126.68,127.019997,300958000,112.726945
2011-06-14,128.869995,129.770004,128.820007,129.320007,160570400,114.768144
2011-06-13,127.889999,128.240005,127.050003,127.699997,207599800,113.330427
2011-06-10,128.850006,128.929993,127.260002,127.599998,238629400,113.241681
2011-06-09,128.770004,129.929993,128.460007,129.399994,160964400,114.83913
2011-06-08,128.759995,129.190002,128.179993,128.419998,198696400,113.96941
2011-06-07,129.699997,130.070007,128.850006,128.960007,161660500,114.448653
2011-06-06,130.089996,130.360001,128.869995,129.039993,179951200,114.519639
2011-06-03,130.149994,131.419998,130.080002,130.419998,234690200,115.744358
2011-06-02,131.960007,132.240005,130.960007,131.729996,200466800,116.906946
2011-06-01,134.509995,134.919998,131.759995,131.869995,233094300,117.031192
2011-05-31,134.770004,134.919998,133.839996,134.899994,164731200,119.720237
2011-05-27,133.369995,133.869995,132.960007,133.509995,120921900,118.486649
2011-05-26,132.029999,133.240005,131.779999,133.00,164850000,118.034042
2011-05-25,131.419998,132.940002,131.380005,132.389999,151050100,117.492682
2011-05-24,132.440002,132.729996,131.699997,131.949997,147199600,117.102192
2011-05-23,131.979996,132.720001,131.589996,132.059998,168700000,117.199814
2011-05-20,134.330002,134.679993,133.360001,133.610001,182594900,118.575402
2011-05-19,134.800003,135.029999,133.940002,134.679993,119489500,119.524992
2011-05-18,133.240005,134.50,132.949997,134.360001,135217900,119.241007
2011-05-17,132.690002,133.350006,132.119995,133.169998,192686200,118.184911
2011-05-16,133.559998,134.610001,132.970001,133.190002,141675400,118.202664
2011-05-13,135.149994,135.339996,133.559998,134.039993,157444900,118.957009
2011-05-12,134.080002,135.360001,133.389999,135.080002,171550700,119.87999
2011-05-11,135.669998,135.690002,133.820007,134.440002,193564200,119.312007
2011-05-10,135.169998,136.110001,135.00,135.869995,114806900,120.581088
2011-05-09,134.190002,135.110001,133.979996,134.720001,114104500,119.560498
2011-05-06,134.940002,135.630005,133.679993,134.199997,222787200,119.099008
2011-05-05,134.080002,134.949997,133.020004,133.610001,226900000,118.575402
2011-05-04,135.669998,135.729996,134.229996,134.830002,182678500,119.658121
2011-05-03,135.960007,136.190002,135.039993,135.729996,138375000,120.456842
2011-05-02,137.070007,137.179993,135.949997,136.220001,126278700,120.891709
2011-04-29,136.160004,136.570007,135.979996,136.429993,115094100,121.078071
2011-04-28,135.429993,136.289993,135.410004,136.110001,124791100,120.794087
2011-04-27,135.050003,135.869995,134.50,135.669998,143031000,120.403596
2011-04-26,134.050003,135.059998,133.910004,134.789993,146600000,119.622615
2011-04-25,133.679993,133.860001,133.199997,133.639999,65757100,118.602025
2011-04-21,133.789993,133.839996,133.100006,133.779999,135935400,118.726271
2011-04-20,132.880005,133.389999,132.789993,133.100006,156133800,118.122795
2011-04-19,130.759995,131.350006,130.440002,131.309998,124258800,116.534209
2011-04-18,130.589996,132.029999,129.509995,130.559998,210759300,115.868603
2011-04-15,131.800003,132.369995,131.410004,132.039993,170006700,117.182061
2011-04-14,130.699997,131.759995,130.270004,131.559998,161220400,116.756077
2011-04-13,132.080002,132.179993,130.960007,131.460007,162059000,116.667338
2011-04-12,131.720001,131.979996,130.990005,131.470001,161187400,116.676208
2011-04-11,133.00,133.449997,132.139999,132.460007,121385400,117.554812
2011-04-08,133.910004,133.990005,132.309998,132.860001,147945400,117.909796
2011-04-07,133.419998,133.979996,132.660004,133.320007,170731500,118.31804
2011-04-06,133.880005,134.00,133.119995,133.660004,120411600,118.619778
2011-04-05,133.00,133.830002,132.940002,133.240005,120791500,118.247041
2011-04-04,133.429993,133.669998,132.880005,133.259995,100768900,118.26478
2011-04-01,133.410004,133.770004,132.830002,133.149994,153850100,118.167158
2011-03-31,132.600006,132.960007,132.449997,132.589996,132537100,117.670174
2011-03-30,132.550003,133.160004,132.360001,132.770004,135835000,117.829927
2011-03-29,130.869995,131.899994,130.440002,131.860001,129798800,117.022322
2011-03-28,131.580002,131.919998,130.940002,130.979996,109762400,116.241341
2011-03-25,131.240005,131.869995,130.889999,131.300003,155642800,116.525339
2011-03-24,130.399994,131.089996,129.669998,130.899994,159129800,116.170341
2011-03-23,128.929993,130.00,128.320007,129.660004,148603100,115.069882
2011-03-22,129.720001,129.889999,129.169998,129.289993,129538600,114.741508
2011-03-21,129.350006,130.009995,129.199997,129.740005,153992600,115.140882
2011-03-18,128.839996,128.880005,127.510002,127.760002,230435400,113.38368
2011-03-17,128.00,128.389999,127.099998,127.849998,254303700,112.972777
2011-03-16,128.149994,128.570007,125.279999,126.18,468670300,111.497108
2011-03-15,126.589996,129.330002,126.50,128.559998,359585400,113.600157
2011-03-14,129.990005,130.479996,129.059998,130.050003,234974100,114.916779
2011-03-11,129.520004,131.309998,129.490005,130.839996,225621800,115.614845
2011-03-10,131.00,131.179993,129.809998,129.940002,301291800,114.819579
2011-03-09,132.320007,132.800003,131.600006,132.389999,153806000,116.984482
2011-03-08,131.639999,133.00,131.070007,132.580002,174615000,117.152375
2011-03-07,132.860001,133.160004,130.740005,131.429993,216790400,116.136187
2011-03-04,133.369995,133.630005,131.600006,132.470001,277202300,117.055175
2011-03-03,132.399994,133.619995,132.389999,133.470001,176480100,117.93881
2011-03-02,130.75,131.820007,130.350006,131.210007,200277400,115.941799
2011-03-01,133.570007,133.690002,130.889999,130.929993,258565500,115.694369
2011-02-28,132.820007,133.320007,132.380005,133.149994,141585500,117.65604
2011-02-25,131.479996,132.410004,131.399994,132.330002,141686900,116.931466
2011-02-24,130.880005,131.440002,129.699997,130.929993,260431400,115.694369
2011-02-23,131.75,132.070007,130.210007,131.020004,227584000,115.773906
2011-02-22,133.119995,134.559998,131.470001,131.830002,233116400,116.489649
2011-02-18,134.369995,134.690002,134.059998,134.529999,130002400,118.875461
2011-02-17,133.460007,134.429993,133.339996,134.25,109810500,118.628045
2011-02-16,133.460007,134.009995,133.190002,133.850006,130183500,118.274596
2011-02-15,133.020004,133.220001,132.320007,133.009995,119575400,117.532332
2011-02-14,133.029999,133.539993,132.880005,133.429993,101690700,117.903457
2011-02-11,131.800003,133.279999,131.770004,133.110001,137710300,117.620701
2011-02-10,131.600006,132.470001,131.300003,132.320007,162708500,116.922635
2011-02-09,132.210007,132.630005,131.610001,132.270004,146436700,116.87845
2011-02-08,132.089996,132.639999,131.729996,132.570007,99072800,117.143544
2011-02-07,131.440002,132.399994,131.429993,131.970001,112439100,116.613357
2011-02-04,130.830002,131.199997,130.229996,131.149994,134634800,115.88877
2011-02-03,130.259995,130.979996,129.570007,130.779999,145886700,115.561829
2011-02-02,130.399994,130.839996,130.330002,130.490005,118323600,115.305581
2011-02-01,129.460007,130.970001,129.380005,130.740005,167194300,115.526489
2011-01-31,128.070007,128.779999,127.75,128.679993,149249200,113.706189
2011-01-28,130.139999,130.350006,127.510002,127.720001,295637300,112.857907
2011-01-27,129.699997,130.210007,129.470001,129.990005,123302700,114.863763
2011-01-26,129.490005,130.050003,129.229996,129.669998,141281500,114.580993
2011-01-25,128.759995,129.279999,128.110001,129.169998,167552200,114.139176
2011-01-24,128.289993,129.25,128.259995,129.100006,113715500,114.077328
2011-01-21,128.880005,129.169998,128.229996,128.369995,151462900,113.432265
2011-01-20,127.959999,128.399994,127.129997,128.080002,175745700,113.176016
2011-01-19,129.410004,129.539993,127.910004,128.25,151958400,113.326233
2011-01-18,129.179993,129.639999,129.029999,129.520004,114401300,114.448453
2011-01-14,128.190002,129.330002,128.100006,129.300003,117677900,114.254052
2011-01-13,128.630005,128.690002,128.050003,128.369995,129048400,113.432265
2011-01-12,128.210007,128.720001,127.459999,128.580002,107929200,113.617834
2011-01-11,127.440002,127.739998,126.949997,127.43,110287000,112.601652
2011-01-10,126.580002,127.160004,126.199997,126.980003,122401700,112.204019
2011-01-07,127.559998,127.769997,126.150002,127.139999,156034600,112.345397
2011-01-06,127.690002,127.830002,127.010002,127.389999,122519000,112.566306
2011-01-05,126.580002,127.720001,126.459999,127.639999,133975300,112.787215
2011-01-04,127.330002,127.370003,126.190002,126.980003,137409700,112.204019
2011-01-03,126.709999,127.599998,125.699997,127.050003,138725200,112.265873
